LB Rank;LB Team;Player Name
1;Aurora;Nightfall
2;PARI;Satanic
3;NAVI;Niku
4;;Jankos
5;BetBoom;Save-
6;TY;医者watson`
7;BetBoom;Kiritych~
8;XG;NothingToSay
9;Tundra;Pure
10;HEROIC;Wisper
11;FLCN;Malr1ne
12;;aik
13;TSpirit;rue
14;;Saksa
15;;Hellscream
16;Tundra;Ari
17;FLCN;AMMAR_THE_F
18;1w;squad1x
19;HEROIC;TaiLung
20;;ChodΣX
21;TSpirit;Yatoro
22;OG;skem
23;PARI;Dukalis
24;PARI;DM
25;PARI;9Class
26;;Mikey
27;NGX;GH
28;PV;SSS
29;NAVI;gotthejuice
30;NGX;OmaR
31;Tundra;bzm
32;;Tobi
33;;daze
34;;Saberlight
35;;OneJey
36;;Stojkov
37;FLCN;skiter
38;TY;Noticed
39;TY;CHIRA_JUNIOR
40;;Hello Juliet
41;GL;Fayde
42;LFT;Batyuk
43;;Matson
44;Aurora;Mikoto
45;;BOOM
46;;dream`
47;AVULUS;ssnovv1
48;;Worick
49;VPP;JANTER
50;BetBoom;gpk~
51;;bottega
52;Liquid;tOfu
53;;Darklord,,`
54;;Shad
55;;TA2000
56;;SoNNeikO
57;LYNX;mellojul
58;Aurora;kaori
59;PR;Till The End
60;;INFERNAL
61;Secret;darkniA
62;;Aidar
63;;not_me
64;PARI;No[o]ne-
65;LFT;Stoic
66;;@@
67;NMSS;23
68;GL;RCY
69;XG;fy
70;;Koma`
71;FLCN;Sneyking
72;BetBoom;MieRo
73;;fortniteMan
74;;Thiolicor
75;TSpirit;panto
76;;MikSa`
77;NAVI;Riddys
78;;Ekki
79;;404
80;;shigetsu
81;;Bengan
82;OG;Nikko
83;;мистер мораль
84;OG;Natsumi
85;;Nyx
86;AVULUS;dualrazee
87;ICxI;Se
88;;Corrupted
89;;Cloud
90;1w;Rein
91;XG;xNova
92;;LenS
93;;lowskill
94;;Lelis
95;shef;fashion
96;;спортик
97;VP;Fly
98;;Malik
99;;Davai
100;;Yuragi
101;AVULUS;asdekor_r
102;;sanctity
103;;MidOne
104;NGX;No!ob™
105;LYNX;7jesu
106;;chempik
107;;Copy
108;;yamich
109;;Flokk1n
110;;Mirage`
111;TSpirit;Larl
112;;bashka
113;ICxI;Supream^
114;PR;Nicky`Cool
115;;niche
116;RE;Ankou ♡
117;VP;Antares
118;;ряф^^
119;;waveformn
120;;TORONTOTOKYO
121;;NLineは
122;;flyfly
123;ICxI;laise
124;;Mo13ei
125;;звёзд怪物
126;RE;ani-san
127;;Norma
128;;Rain
129;LYNX;htiviy_vladik
130;;Veldt
131;;Fernans
132;;AquA
133;;Immersion
134;;KaChal
135;NAVI;pma
136;;kae
137;;neMamyka
138;;Crystallize
139;;4nalog丶01
140;HEROIC;KingJungles
141;Nemiga;VaniLLl
142;;WraitH
143;;rubikon155
144;;Xenon
145;XctN;Palos
146;;MinD_ContRoL
147;;Lil Uzi Vert
148;;Xakoda
149;;aliez
150;;123
151;;rincyq
152;;MoOz
153;;queezy
154;;coldofff
155;NMSS;Jabz
156;;Jîng
157;lft;MiLAN
158;;да
159;paiN;DarkMago♥
160;;Qojqva
161;;Василий
162;;sayuw
163;;Stormstormer
164;;天鸽
165;;://
166;;Kidaro
167;;zarich
168;;Bl4ke
169;;marty
170;;Difference
171;;soworstf
172;;Malin
173;paiN;Scofield
174;Cobra;payk
175;;b4x4zZz
176;;Krinzhik
177;;hunghung
178;;Feindaim
179;;cutie
180;PR;nesfeer
181;;chunga
182;;icq
183;;ponlo
184;;W1sh-
185;⋆⭒˚;⋆
186;;Jeezydaboi
187;;whyalwaysme
188;Tundra;Whitemon
189;;KG_Zayac
190;;Crystallis
191;;meLes
192;;Retsu
193;AVULUS;ryota
194;;Dinozavrik
195;LYNX;kreker
196;FLCN;Cr1t-
197;;Xibbe
198;Aurora;Mira
199;;lantana
200;;Dodren
201;GL;Speeed
202;;qjY
203;LFT;G.T.I
204;;ruustle
205;;Ulnit
206;;GodKid (J)
207;paiN;Elmisho
208;;Delight
209;;Catharsis
210;;look like a pornstar
211;conjure;x
212;;miyaoo
213;YeS;Mirele`
214;;Зюзя
215;afk;yaiX
216;Lqc;
217;VP;1/alch
218;NGX;w33
219;;kur0patbI4
220;NMSS;Mac
221;HEROIC;Yuma
222;;dota 2 enjoyer =)
223;;NARMAN
224;;fangyuan
225;ease;byun
226;;nefrit
227;;slimeyao
228;;Nikobaby
229;;FLee
230;LYNX;QBFY
231;OG;TIMS
232;;kaneki
233;;llll
234;;Hokori
235;;KoJl9lCuK
236;;PiPi
237;;L4rks
238;TNDR;ACDM.elmo^^
239;VPP;takizawa
240;;Simon
241;TT;y`
242;;KoodaGotti
243;;Tox1c
244;;Smiling Knight
245;YeS;prblms
246;;xn丶e
247;;Shushu
248;OXG;Pastil
249;;Nande
250;;pandaGod
251;;Uch1Ha
252;;Covisnine
253;;garbat1y
254;;Kyoshi
255;;рамадан баф
256;;1/ double 1
257;;Egx
258;;Время в никуда
259;;BoBoKa
260;;Katsura-
261;;flacko
262;;ryyyyota
263;;Wuiter
264;X;MTD
265;NMSS;Q
266;;zoro
267;;H8
268;;Hero
269;;Moonlight
270;;jasper
271;;int'j
272;;HardL
273;;selfhate
274;;Otaker
275;Liquid;Boxi
276;;12
277;Tundra;33
278;;K4071N
279;;lalatroni
280;ki;Amano
281;;pan
282;XG;XinQ
283;;antoha
284;;lupsi
285;ааааа;^^
286;GL;Bignum
287;LFT;rise
288;XG;Xxs
289;;Waneda
290;;Попукал+занюхалW
291;Liquid;m1CKe
292;;shiroikiri
293;;kolya_kaBAN68
294;;Kubanos
295;;ᶫᶦᵐᵉʳᵉᶰᶜᵉ̄
296;;Legend
297;;baQ
298;;1
299;;kiyotaka
300;;Depressed
301;;comeback
302;;#ИМЯ?
303;twitch;tv.BliNcc
304;;Pablo
305;;baysk`
306;Erisu;Askles^
307;hAze;_.
308;;nattynarwhal_
309;;333
310;;tv/sketcher
311;VB;SLATEM$
312;;Pressure
313;Refresh;чарон бейби
314;;xannyy
315;PHX;DuBu
316;;klseki
317;;X
318;;yur
319;;Gatciy
320;Ivory;Dric~
321;;CHAWOT
322;;piss in the wind
323;;『 』
324;;north
325;;adz
326;;Zamir bezgeev
327;;MooN
328;;pma
329;;director
330;;WoE
331;;Zoom-ZigZag
332;;Atouf
333;;
334;;aavzuoM
335;;megoway
336;;Vitaly 誇り
337;;TaSa
338;;hwoarang
339;;Golem
340;;monodrama
341;;PERDAN4IK
342;;Topson
343;;mw
344;;影
345;FP;KnowLedgE-
346;;C-Minus
347;;EndoKardo
348;;xasa
349;;RifT
350;;goSA
351;;QuasaR
352;;l
353;tw;tv/clacksontv
354;;LeBronDota
355;;Natsume
356;;Nagato LFT
357;LFT4;ariel
358;;Final
359;;qoval
360;;Ceb
361;OG;Yopaj-
362;;tv/McDodique
363;;Bat0N
364;;Son of Shore
365;;RA1NCLOUD
366;;Hellshock
367;twitch;tv.Mary_y
368;;Baymax
369;;resonance
370;;Shishak
371;;---
372;;Solo
373;;StoneBank
374;;gudiny
375;;Genek
376;;паук
377;;100 years of ukr-rus war pls
378;;mew
379;NAVIj;krol9ash
380;;egn
381;;fam0us
382;;eblan
383;;highroller
384;BTS;Cuziloveyou
385;;erase
386;Elephant;hairo~~
387;;Stormy
388;;Bach
389;;Seleri
390;;Abomination
391;BARCELONA;noviy bog
392;;disgardium
393;VPP;raregods
394;;красавчик
395;surplus;Nero
396;;aaaaaaaaaaaaaaaaaaaa
397;;раздевайся
398;;muxa
399;;zahn
400;LFT5;MugzZ
401;Move;Grip
402;SC;H2Owned
403;B8;dendi
404;;Kurisutina~
405;;mewtwo
406;;Tsukimoto
407;;Лукашенко
408;;Baelor
409;;Zodiac
410;;kamaros
411;;ϒāppie
412;;Ang3l^
413;;monke
414;;Шизоид
415;;alberkaaa
416;BOCIAN;Szajtek
417;;vampire
418;;eva
419;;Zesky~
420;;reibl
421;TSA;86
422;NMSS;Jaunuel
423;;sexgod
424;;Tieru
425;;神龙大侠 - 最强熊猫
426;;Aui_2000
427;;Shakh
428;;oreomilkshake
429;;layme
430;;Italiano Gangster
431;Ген;МОПСОТРЯСКА
432;;Yadomichi
433;life;love.death.
434;;Max
435;;Q7
436;;0/effort
437;;Evernight
438;NAVIj;onLiTaL
439;A;A.Amir
440;;Belony`
441;;КАБУРА МИД
442;;SPLINTER
443;;Cooman
444;twitch;tv/maloydotos
445;;puckish229
446;;xgod
447;AMG;Michael~
448;;VPN
449;;strategy
450;;gogo
451;;根性 Nanami
452;;Nizam`
453;;ryyota
454;;toyotaSupra
455;AMG;頑張って
456;;Prada
457;;ВАНЖЕЙСЫНБЛЯДИ
458;;Patodonald
459;jellyworms;ceo
460;PSK;Egor
461;;kiska
462;;
463;;fun
464;66;
465;;Haru`花
466;;Senku
467;;zаbаvnо
468;;約束
469;XctN;Bob
470;;набираю форму
471;;< blank >
472;;.....
473;;Kaiser~
474;;Fishman
475;;tv/iloveokaydoto
476;;temirlan
477;;VΔ4
478;;克服
479;;wyuu
480;;필
481;afk;Psycho
482;;DaaD-
483;;And i'm trying to be sane
484;;Pension
485;;UndeRRwhatt
486;;aNewMe
487;;Purpurbl4
488;;91
489;;HacıA1000iz
490;;abube
491;;diman4ig
492;LFT;Krish
493;;blss
494;;ArrOw
495;;ruiner
496;;beautiful world
497;;Tamybaby
498;AVLNC;CoYoTão
499;;dota player
500;LGCY;fcr
501;;天堂
502;;peccatores et sancti
503;;Monhty
504;;krylat
505;;tensai
506;;Akamu
507;;Yang
508;;Bóbr
509;;baka
510;;||||||||||||
511;;lASEb
512;;mentality
513;;Freaky
514;;Starlight-
515;;Creepachyo
516;;gurlé
517;;ShamPure
518;;Waga
519;;SebaS
520;;4U7157
521;;Asfreed
522;;the soloist
523;;NGG
524;;barou
525;;ComicS
526;Secret;Kyzko
527;;chipikao
528;;moon
529;;miniorc00
530;;npc
531;;Aomine
532;;Fezor
533;;123
534;MW;Юрец
535;;melt
536;;PUKEC
537;;han
538;;Hikkari
539;tokyo x;Rias
540;;mato
541;;СОк
542;;elaine
543;;vVv
544;;Orgasm Donor
545;;resistancexxx
546;;krealy
547;Midas;4dr <3 Déia
548;;iceiceice
549;;`
550;;yet1
551;;leksia
552;;Sovenok
553;;shalyn
554;;Gran
555;;Cold-
556;;Cody
557;;J
558;;kak dela?
559;;SonL1ke_)
560;;PMA(учусь играть)
561;;baldej
562;;icon
563;;kX
564;;сырок
565;;D-Rose
566;;Akado
567;;Cold sad҈҈҉
568;;solitude
569;;wandering fire
570;;Maindotagriefer)
571;;Kuka
572;;chishiya
573;JBT;microb
574;;SunshineRR
575;;exclvsed
576;;AtoMic
577;;Benjimon^^
578;KisS*OFF;.NN
579;;dEcem
580;;hao
581;;NeMeepo
582;;Ryu
583;;Yolo
584;;pma player 4 ever
585;;makar
586;;Tony
587;;dyrachyo
588;;mental
589;;ruby death
590;;just_idc
591;;FoQI
592;;Love me again
593;;Kony-
594;;ǝuoןⱯlone<
595;ARM;Zagat
596;;be_LIE_ver
597;XctN;cml
598;;I
599;;assortedsins
600;ENJY;kasta
601;;愛
602;;LeaFF_uck
603;;Zzz
604;;15
605;;Gree
606;;hetag
607;;DiSoRd3R
608;;tv/doctorbum
609;THR;Chola
610;;miaso
611;;m1ks`
612;;Айхан
613;;Imbach
614;;Erweckung
615;;время шадоуфинда
616;;mylittlemay
617;;Longinus
618;;distanceq3
619;;Kolyada
620;;Quietguy
621;;XN
622;;VF
623;;armageddon
624;;Shura Glitchless
625;;Asanjeles`
626;;peanut
627;;MATUMBAMAN
628;;jackblack
629;lft;waste
630;;Abomination
631;DOGSENT;OTTO
632;;димка
633;;NAZe
634;;SpeCtre~
635;;Firesorya
636;;YoR
637;;mentality hardwork
638;pudge;yungshpaga
639;;~seyferens
640;;ImmortalFaith
641;ʕ·ᴥ·　ʔ;sairensu
642;;LokSee
643;;tv/kot4kb4s
644;;Boskey
645;;tv/nevishusny
646;;2Aqun~ GxD
647;Infamous;TakeCareMia-
648;;Christie
649;gotei13;srw
650;;rusky
651;;lure
652;;блатной
653;NIGGER;MegaKrab
654;;interlinked
655;;мяумимяу
656;;dead
657;;neff
658;;Bobkata
659;;RodjER
660;;playboy
661;СФУ;comatose
662;;36 chambers
663;;johnnupro
664;TxJ;♥VoRDJ
665;CG;Nbnp
666;;Raving
667;;霞雲の海
668;;exusiai
669;;[]
670;;starving
671;;᠌ ᠌ ᠌᠌ ᠌ ᠌ ᠌ ᠌
672;;dEca67
673;;Black And Yellow
674;NGU;HyPn0daNc3r
675;;Lucky
676;;Gewinner
677;;nttrl
678;;nT
679;;Vata
680;;.xx
681;;MaSTeR-
682;;GofroCentral
683;;Revenant
684;;Soulnier
685;;pyro
686;;Ty
687;96;bequem
688;;zipzzzap
689;;Richik
690;;Syxar'
691;HAVU;Wazza
692;;NAZGÛL
693;;крипер
694;Never;Nicken
695;11 y;o. emptiness
696;;Lokie
697;;Unica
698;x5;mini
699;;amy
700;;злa всeгдa meньshe
701;Chandog;YiSuS
702;;deihra
703;;Dingo
704;5A;Xcalibur
705;;6red
706;;symetrical
707;;Lumière
708;Tb;Gorgc
709;;supp diff
710;;Faker
711;;rizza
712;;YYYYY
713;;qqxq
714;;SAMETS
715;;p3><ip><3a,,,3
716;;hittayo
717;;xiao8
718;;YorU
719;;Asao
720;RTU;shinimigod
721;;Oliver
722;;stingerdota
723;;BlitZ
724;;tearsanie
725;;passedawayinMay
726;;мне похуй
727;;77
728;;crown
729;;прерывистое дыха
730;;emolvy
731;;Vidjen
732;;tw/dawgdota2
733;;aida
734;;^_^
735;;unera
736;;Z
737;;Gunnar
738;;DEBIL
739;;x'ma
740;;lil me alone
741;;SNVA
742;;repent
743;;Kenshin Himura
744;;jgfdighd
745;;Falcon Blade
746;NAVIj;Gothic-
747;R3;mem8er
748;;yoto
749;;BIG BALLER
750;Suharik;Irefuul
751;;Gardιck 鬼
752;;qute
753;tw;tv/SpeedManq
754;;Apophis
755;;So long
756;;saya
757;;Cheiso
758;;загадочник
759;BIZ;shy
760;;Хлюпик
761;;убейся
762;;spiller
763;;sufferxng
764;Wipers;mankurt
765;;< blank >
766;;Core or idc
767;Eminence;ReM2
768;;September
769;;哈哈哈哈哈哈哈哈哈哈
770;;Sh1do
771;;чёрная орхидея
772;;бодя
773;;supp diff
774;;Смурфик(синий)
775;;
776;;awake
777;Never;nothingness
778;;visi
779;;kaeioet^^
780;;Adlet Meyer
781;;memorybankss
782;;quiscon
783;;TeaGuvnor
784;;Isaiah
785;;не проебываю
786;;Melancholy
787;;Arcmajes
788;;3333
789;;ТУТТУРУ
790;;CEMEN_BAKIN
791;;cisco
792;;////////////////////////////////
793;;Jacob^
794;;:)
795;;execute
796;;NDK
797;;Chuvachkov
798;elegia;forever young-
799;;completely lost
800;;Zakki
801;;DoX
802;;killadem44
803;;Lucifer
804;;Kusakabe
805;;fxckyall
806;;vkusi my ego
807;Psos;Rasmus_=
808;;5up
809;;QoL
810;;krai
811;;404_not found
812;;саша
813;;___TBAPb___
814;;Origin
815;;mxrrxrgrace
816;;losing patience
817;;ALOHADANCE
818;;ahmia
819;;EZN1K
820;;tv/krshima
821;;forever
822;;матрица
823;;24
824;;Чушп@н
825;KR;Ghostik
826;;noname
827;ППД;Даша Васнецова
828;By;FlaSh
829;;Jb
830;;Arkano
831;;.Alik
832;;iAnnihilate
833;;pako
834;;god
835;;Inc
836;FATE;InstantlyTrendy
837;;kappa
838;;juujika
839;;#самосигх
840;;TAQ
841;;ALWAYSWANNAFLY
842;;Never
843;;bigfatbeee
844;;Thomas Shelby
845;;SAMe
846;TSA;kyford
847;MagicHands;swag
848;;Edelweiss
849;;Остап
850;;Q11
851;;Rench~
852;;acnologia
853;;vahui
854;;A
855;;Saccade
856;V1dar;GrOOm
857;;Selivan
858;;em
859;;󠀡󠀡
860;;Saint
861;;Done
862;;Broken
863;;#HIGHBOT
864;;操一匹马
865;;GrandUrahara
866;;Owari
867;;tv/tricksterdota1
868;;サラマト1
869;;overthinking
870;Timebomb;msh
871;;stimulator
872;;pos 1 or grief
873;;ϟ Sword Art ϟ
874;KE;Zeppelin
875;;хахаха мда
876;;sejo
877;;BITAL9
878;WS;kdm
879;;Sighted
880;;вся эта кровь ww
881;;與屎的照片
882;;백아진
883;;xd
884;;Vivi Ornitier
885;;Slavi
886;;cvd
887;;perfect blue
888;;p y a n i y
889;;шизя ^^
890;;RICO
891;WC3;Matyushka
892;;Damic
893;;Red
894;BITP;KSi
895;;-Vision-
896;;Just_Bane
897;;YU
898;tv;thegogo9
899;;毁灭
900;;El Presidente
901;;FOcof
902;;Ataraxia
903;;jinchuriki
904;;спидраню
905;;at my purest
906;;slavic
907;afk;oneday
908;;hAzY
909;;shendoy
910;;M1ran-
911;;`~`
912;NOLIFE;Madlx
913;;tib
914;;Cу
915;;умиротворение
916;;maryjane
917;;ww
918;;zzz
919;;Retsu
920;;Flow
921;;МИСЧИФ
922;;Mariana Kiss
923;;Sweet pain
924;;DigitaL
925;;Майор Измайлов
926;;ветер
927;;shinigami
928;;stat3r
929;;игрок па кайфу
930;жардам;кульпон
931;;Paradigma
932;;////////////////
933;;require
934;;blank
935;;p
936;;not happy
937;;Kotarō
938;CRY;Crayon
939;;nochat idc anymore
940;NAVIj;gbc
941;;Frath
942;;Donhuano
943;;Shayansc
944;;SAURON
945;;racistmaxxing
946;dRds;yopoman
947;;chroMium
948;;akiyanora
949;;Allyson
950;EARTH;Porty
951;TDk;Feeling♥<
952;;-Haki-
953;;阿姆尼亚姆
954;RU;я стараюсь!!
955;;MoonMeander
956;;kkkkkkkk
957;;Кузя
958;;WokEw
959;;~Nnt
960;;find yourself
961;;Sultan!
962;;ShinShila
963;;me
964;;Hun1ah
965;;expromt
966;;erik
967;PLATOON;IGRIS
968;;๋
969;;calm
970;;focco
971;;MXZI
972;;saskeNo$-
973;NAVIj;Hyuga
974;a;SANDU
975;THR;Simon
976;;biY
977;;Imlatr0m
978;;GriM
979;Balto;Avanta
980;;Xenos
981;;че реально?
982;;GriP
983;LFT123;KIDFYI
984;;deliberate
985;;mei
986;;темичq
987;xvii;throw down your tears
988;PGČ;Mangup
989;;Сhigiryao
990;;n
991;;Scal1ger
992;;Ali
993;x;x.x
994;;<eblank>
995;;ab20
996;;Ashi
997;;NUTSHELL
998;;四
999;fbubble;twelve
1000;Infamous;slad1n-
1001;<3;arash
1002;;return to one's own place
1003;;jmn
1004;;spoiled
1005;;n1ght
1006;;chosen1
1007;;South america = slave material
1008;;something i missed
1009;;ueyo
1010;;Big Bob
1011;;Nolan
1012;AVLNC;Sumer
1013;;homo univeraslis
1014;;Pamplona´
1015;SRG;Korob9l1
1016;;M1roir
1017;GRIN;monkeys-forever
1018;;stray dog
1019;;Mzerfire丶
1020;;雨
1021;EG;Khan
1022;;Xo(1)
1023;;Bishkek
1024;FH;Hhhhhhh
1025;;npc
1026;;TomasBiceps'Jr
1027;;kinoue64
1028;;me
1029;;myaso diff
1030;PSK;DkFogas
1031;;blacklist
1032;;Ясность ума
1033;;oLp
1034;;18
1035;;Paradox
1036;;Crysen
1037;;Core or Troll
1038;EGB;2
1039;;Tense enjoyer
1040;;Bibachka
1041;;King Potato
1042;;Bomj German
1043;;Juice-
1044;;zeroy
1045;;BSV
1046;;1 or feed
1047;;smthlikeme
1048;;child abuse
1049;;Ssiasmiko
1050;;
1051;;m3
1052;;4e4o
1053;;New_Tuber
1054;DWG;never
1055;;tv/palichdota
1056;;Ne_SahaROK
1057;;Rain
1058;BaiduKING;Ares`
1059;HAVU;ilbert
1060;UB;discay
1061;;Josif
1062;;~Mani哲也-
1063;;1
1064;4A;Double King
1065;;Осенний лист1
1066;;1vs9win-mb one day
1067;DANZA;тесно(ТЕСНО)
1068;;QuesT
1069;;bsK-
1070;;Υπουργός Υπομονή
1071;;Mascot
1072;;KB055
1073;;tanga123123123
1074;;Michael
1075;;truepac
1076;;Kot1kMed0ed
1077;;sym21
1078;;watafa
1079;D;Eazy #bear
1080;;Onyx
1081;;0Dynamo<
1082;;Jolibepos5
1083;;DoMoVoY
1084;;L
1085;;хозяин
1086;qwe;Брайтон-
1087;;999
1088;;wi'm
1089;;haha
1090;;LittleBoy
1091;;somnia
1092;;1.23E+13
1093;;noclue
1094;tranquil;laptya
1095;;3131
1096;;kamerini
1097;;KingOne
1098;;Plakich
1099;;levarchik
1100;;Легенда вернулся
1101;;xv
1102;;вежливый
1103;KOS;Kxt
1104;;GEHAZ
1105;;eyvikinera
1106;MNC;Xrare
1107;x;x´
1108;WS;nike investor
1109;SB;DarkMen II
1110;;***** pitch
1111;;YOJ
1112;;TME
1113;;2Aqn
1114;;ваташи
1115;;Lionheart
1116;;dejump
1117;;дебилка
1118;;Noreason4l
1119;;Foxy
1120;;рудольф глиммер
1121;;MONKU
1122;;PosingAsMe
1123;;GG Bond
1124;;vamp
1125;;pidors4
1126;;мне похуй (mid)
1127;;AfricanLeader
1128;;puloff
1129;;Alex
1130;;依安
1131;;OblivioN
1132;;Xokep
1133;;Gom
1134;;шеф
1135;;unattainable life
1136;;dreammaker
1137;Raigor;
1138;));Ripan7
1139;;moncleramiri
1140;;yadiss
1141;;Droguito
1142;;400kg
1143;Hot;Rakuzan
1144;;pluxa
1145;;Patlatius
1146;;unhuman
1147;;Stitch
1148;;HEN1SH
1149;;Zasa
1150;;GuPERT
1151;;marionette’s fantasy`
1152;Fü;Messiah
1153;qqq;fate
1154;;onlylast
1155;;Nedved~
1156;;rescue heli spotter pipo
1157;RD;D[X]Pro
1158;MEMES;tv/temychq
1159;;+10-40 enjoyer
1160;;ganbaru
1161;;Asuna プライム
1162;;jjjjj
1163;;MMF
1164;;SkiLLeR
1165;;L1Z4RD
1166;;xq
1167;rawrxd;тильтозаврик
1168;;ifm -1300
1169;;Sunlain
1170;;ICepas
1171;;Moosley
1172;дрянь;rierierie
1173;;^^
1174;;dota 2 pubs = dead
1175;;1k prisoner
1176;;maboi
1177;;Бабочка
1178;死んでください;Ysera
1179;;demon666
1180;;2k rank china=7000 eu
1181;;Sudden
1182;;辣妹子辣不怕
1183;;meyou
1184;;KIRA♥
1185;;太飞
1186;;HARD
1187;;Tv/YonGFHK
1188;;AstartePrime
1189;;KEZaru
1190;;Draztik
1191;;mrakobes
1192;;ебал ваших матере
1193;AVLNC;Tala
1194;;shyslimer
1195;UnD;Boerenyoghurt
1196;;Kimiagar (2)
1197;;pretty fLAKO
1198;;KOOP
1199;;JustGod
1200;;DNA monstr
1201;x5;Hermit
1202;;IchSpieleBroodIchSchnüffleMef
1203;;vAlent
1204;;dave
1205;;aura
1206;;Nisha
1207;;Unc
1208;;rtv eX
1209;;korzout
1210;;Dante
1211;;statham
1212;;:-)
1213;;
1214;PUA;Iceberg
1215;;
1216;;jong
1217;;YAN
1218;;/=
1219;;Slowly bleed out alone
1220;JJ;DaddyJeff
1221;;KAMMAR_THE_FUCKER
1222;;foulfeel
1223;;bena
1224;;Vlado$$
1225;;kijin
1226;;MUTANT
1227;;JR
1228;;Truck
1229;;@
1230;;bloodmirror
1231;;Mg
1232;;space jam
1233;ESM;Fresh Pitardo
1234;;DDDDDDDDDD
1235;;Jastiss
1236;;notilt
1237;;herain
1238;;mriyuchi
1239;;womenS game
1240;;nervous
1241;;))
1242;;Ugly
1243;;ROSHAN777
1244;;Koi
1245;;Day i died
1246;ミュンヘン;ANDRUXA
1247;;HerOoO
1248;;genjutsu
1249;;>>>>>>>>>
1250;BoSs;Xstyle
1251;;17issues
1252;;sorrow
1253;็;็
1254;;Banan-
1255;;Igris
1256;;мебель
1257;blank;Merkurial
1258;СУЧКИ;СВАГАТЫРЬ
1259;;MentorGG
1260;;xx
1261;dotka2;minetday
1262;;Porshen`
1263;;Aiva-
1264;;Fy
1265;;дриблинг
1266;;31
1267;;FaNtaSma
1268;;shut your fucking mouth
1269;;BAN
1270;;idc mmr
1271;E;ERA.JNR.BIG BOSS
1272;;balenci
1273;;haruho
1274;;quoarine
1275;pulevoenevolevoe;
1276;;sunluck
1277;;
1278;;E
1279;juun;j
1280;;seemstobeapro
1281;;Sanskrit
1282;;Caocao
1283;;perfection
1284;BIZ;Ryoma
1285;;petushq
1286;;spermak lambo
1287;;pishi`
1288;;910
1289;;лютый
1290;;R34$ØN
1291;;Eijun
1292;;bruno
1293;;恋爱选举与巧克力♥
1294;;illBoss
1295;4p5;Five
1296;;Argeus
1297;;ЯЙЦЕДЁР
1298;;Viksa11
1299;;S1MPLE
1300;;Act1on
1301;;prettyamaralys
1302;;placebo
1303;The Owls;perfect
1304;;мусор
1305;;HunTeR-
1306;;deja vu
1307;;LavL1
1308;;Phoenix sing
1309;;SaymeSun
1310;;Олег из Miami
1311;;c0py p4ste tox1c wast3
1312;;face
1313;;Cafid
1314;;..
1315;;UcamyridoL
1316;;sa1kyo
1317;;Pepel
1318;Velial;Freshness
1319;;BlackDrago
1320;HoC;tronulamenya
1321;;Horsen
1322;;emoemoe
1323;;Fooshaz
1324;;Thalatto
1325;<3;Rize
1326;DD;V1izavi
1327;;ZRR
1328;;школьник
1329;kayf;#ИМЯ?
1330;;grlshanya
1331;;Road to 2k MMR
1332;;tv/lusiyagein
1333;;yu
1334;_;sergio
1335;;Sysman
1336;;Terrawalker
1337;;3 6 9
1338;;mmr speedrunner
1339;;tv/feel_the_chill_xd
1340;;Youhealka
1341;;水
1342;;Aline
1343;NRG;HØWL
1344;;Mono
1345;#$wag;Cowzie
1346;AG;Avatar-
1347;;extra chrom3d
1348;;ycoldisnow
1349;;Orkaaa
1350;;ОтделПоБорьбеCУс
1351;;𝘞𝘏卐WHITE:POWER卍
1352;;AllIn
1353;;Arbzie
1354;;oдuнвoпpоs
1355;;I
1356;;BESTERSPIELERMANN
1357;;1
1358;tv;m1ndota
1359;;hate myself
1360;;romoon
1361;MNC;neverN3
1362;;pOc
1363;;СОРИ ЕСЛИ РУИНЮ
1364;;Stop by step
1365;;cy-
1366;;Nobody
1367;;Дурак
1368;;JORAAL
1369;;yunory
1370;;IQ
1371;;Spectre_sp1
1372;;Surge 傷
1373;;shaddai
1374;;Sm1le4y(Смичи)
1375;;heaven
1376;;ufc
1377;;♥♥maloyyyy♥♥
1378;;Patience
1379;START+;jasttopnaga
1380;;꧁༺×̶X̶_K∆p!T0$#HҜ∆xX
1381;Wipers;Andy
1382;;сыншлюхи/богдоты
1383;;Marti
1384;;no dopamine
1385;QQ;Connor
1386;;
1387;;n
1388;;amphetamine religion
1389;;KD
1390;747;melwis
1391;Wipers;npeducvt
1392;;PMA
1393;;Eixn
1394;;Ff
1395;;Grindevald
1396;;Akira
1397;;масеньки гугизям
1398;;vision
1399;s84;Unique `
1400;;
1401;;"amp;"
1402;;RAPIDOS
1403;;Archer~
1404;;317
1405;;tv/lafass
1406;;vip
1407;;WinFull
1408;;pasuyu
1409;;головач прайм
1410;;ChulbulPandey
1411;;blonde
1412;;Ebaligrykakbudtoshluhy☠
1413;BASS;Leya Vesta Fors
1414;;Mid or grief
1415;;Fendi
1416;;serega
1417;;ебаная жизнь
1418;flex;Hyorei
1419;;Alagon
1420;;Sanity
1421;;chanki
1422;;Jew
1423;;tv/shendelskywrath
1424;;chilleR
1425;;Syndrome
1426;;fakeJoker
1427;;Eliston
1428;;tenderness
1429;;POTATO FARMER
1430;;crazymental
1431;;lil_one
1432;;anime_fanat67
1433;;koldun
1434;;игра дерьма
1435;;Pul1on
1436;;pOLLISI
1437;;underworld
1438;Klops;affere
1439;code10;spiral of death
1440;;refrain
1441;Japan;prada blades
1442;;Myna_Mazaylo
1443;;᲼
1444;;SLIVA
1445;;QiJoN
1446;eUs;Acehy
1447;;Agimaci
1448;;VOn
1449;;Mae
1450;;Aurelius
1451;;i have no enemies
1452;dora;zantetsuken
1453;;Dim`Aha
1454;;★Benjamin Matias Prime
1455;;Hay Fever
1456;;ФАРШ (Нереальный)
1457;;bbz
1458;;koldun
1459;;emoswag
1460;;Moonrul
1461;;epileptick1d smurf
1462;SB;#ИМЯ?
1463;;bog dotu
1464;;Vayner
1465;God;Jellopy
1466;;不是本地人
1467;;Fanarikc
1468;;LittleGhost
1469;;arien
1470;claymr;escalon
1471;;Jeffrey Epstein
1472;HG;Longwave
1473;;фанчик руинчик)
1474;mariachi;
1475;;dubu antipod
1476;;MagE-
1477;;equire
1478;;Akira
1479;;pC
1480;;nEnE_WHeeune_BaTaqpA
1481;;shinigami
1482;;1Only
1483;;kous
1484;;urodezs
1485;;breadnuy
1486;;avgyst
1487;;MaK0
1488;Coach LFT;Ivz
1489;;11
1490;;zendog
1491;;Slach
1492;;selfie
1493;;данил колбасенко
1494;;суфле прайм
1495;;soppåse
1496;;Q Mars
1497;;kiyopon4
1498;;jimb9sama
1499;;Lavender haze
1500;;social coma
1501;;Miro
1502;;Talant
1503;;mid
1504;;hxtrxdq
1505;;пошел нахуй
1506;;ZxcKing2012
1507;;КОКА-КОЛА
1508;;K(N)B
1509;;Deathra1n
1510;Sex;Sandrogoz
1511;;AISSA
1512;;LAW
1513;;Shogun
1514;;jTV
1515;;pacesetter
1516;;syndereN
1517;;1
1518;;Едрён батон (1/2 prime
1519;;luki luki
1520;;over-bored
1521;flex;tw/starligh1
1522;;DorRayam
1523;;?
1524;;eibL`
1525;;hahahahaha
1526;;Miyagi
1527;;KirDan
1528;;Arier
1529;;Jar
1530;;skylight
1531;;very smart jakiro/treant spammer
1532;;L
1533;;rose
1534;;Doter2
1535;Vaala;perriii
1536;;MadNbad
1537;;Redemption Arc
1538;4A;Rzn
1539;;Sadomaza
1540;EE;Clown
1541;;не обижайте
1542;;6a604ka
1543;;velours
1544;;oldkk!
1545;;Urek
1546;;Chaips
1547;;megalomania
1548;;djaba
1549;;AloneKingSoloGodMeOrDie
1550;;swap commends
1551;Orbium;DeniasBert
1552;;karasu-
1553;;/
1554;BL;terrible fate
1555;;octopus head
1556;;tillmysoultake
1557;;SAXUN
1558;oPd;Sebs
1559;NM;viayngBboy
1560;BV;AFGANISTAN
1561;;Lil peep IVOXYGEN
1562;;Curry~
1563;;Да вы что!
1564;;all muted
1565;;VorteX
1566;;дырчик
1567;;Skyfall?
1568;;aura
1569;Fuz;Ivandy
1570;;Lazy
1571;;#ИМЯ?
1572;;неваляшка
1573;;кол-во ошибок: 0
1574;5M;hjalluboi
1575;;memories
1576;;fanofice
1577;;katharsis
1578;;Бритая вагина
1579;;W
1580;;Draingang
1581;HAVU;Tsunami
1582;;новый год
1583;;Bear
1584;;heLLcat
1585;Twitch;Ascendancydota
1586;;Joker
1587;;катя123
1588;;Darkness
1589;;r
1590;;Haero
1591;;Xaos
1592;;Opus22
1593;Whoops;.HBK
1594;;Lothbork
1595;;cursed
1596;;Dan
1597;;bolero
1598;;Wnave ♱ ✞
1599;;Bender
1600;JIH;Raelag
1601;;Goku-
1602;;oleg
1603;;tv/doctorbum
1604;;couRAGE
1605;;Tempesta
1606;;moose
1607;;mia
1608;;БЕТМЕНннннннн
1609;;hiddenpool
1610;;tatakae
1611;;Panda-
1612;;аутсайдер
1613;;IvanVechnoPyan
1614;WS;seriks
1615;;бицепс трицепс
1616;;мусор
1617;;vendigoss`
1618;;close
1619;;Mifa
1620;;Aco
1621;Anubis;RUNDUK
1622;;кучерявый
1623;;papucci
1624;;dtx(pma)
1625;;nymisilent
1626;GP;betal1k
1627;;Оу фаник щит
1628;;123
1629;;IDRIS
1630;;Deebo
1631;;bezdarnost'
1632;;ATOMIC
1633;;TTR
1634;;smth
1635;;1
1636;;Bwop
1637;VP;"Verzevul ^__^ ;D"
1638;;CEMEN_COBAKIN
1639;;hady-
1640;;1/end
1641;;carhart
1642;;Varian Wrynn
1643;FRT;Odyssey
1644;RE;Kavdas
1645;;похуй
1646;;кума
1647;;Nobody is here alive
1648;;asdasd
1649;;three sevens
1650;;selfhate
1651;Raif;Cerafim
1652;;plc
1653;;Funkefal
1654;;ThisMightBackfire
1655;;fck u
1656;;Nhk!?
1657;;mendeely
1658;;Senjiryakketsu
1659;;1lbio
1660;321;troya
1661;;ajurnii
1662;TNDR;ACDM.kamusari
1663;M8M;DrObvious
1664;;weatherbeaten
1665;;Raicone
1666;;Abel
1667;;Murock
1668;;HunZy
1669;;ExT
1670;UwU;prog-
1671;;#ИМЯ?
1672;;everywhere
1673;;Dice
1674;Liquid;Jabbz
1675;;Leend
1676;RN;Mani
1677;;Keptas Gaidys
1678;;Whoopsень
1679;;дьявол
1680;;AtX-
1681;;惊魂chen
1682;;Shenmi
1683;twitch;tv/fnsosi1
1684;SALITAS;Hanzama
1685;;dontflyaway
1686;;MadokA
1687;;tv/LeraRosenrot
1688;;GG@D ✝
1689;;twiste
1690;;lesha
1691;;VojtboX
1692;?;Loller
1693;NVMI;yummytdance
1694;;Under Score
1695;;Kt_t_
1696;;kismet
1697;;Пипиус
1698;;unpledged alliance
1699;;datebaio
1700;;fantasma
1701;;Jlels
1702;;TAz`
1703;;Hans-Kristian
1704;;Byr1Z4
1705;;Cris
1706;BucKet;change
1707;;gettinghigh
1708;[$]B;rinne
1709;;cao ni ma
1710;;exalted
1711;;4udeeq
1712;jjk;Enk1do
1713;^;_.^= ∫.Snow
1714;Velial;Diomante
1715;Amaru;M1
1716;HR;bEAUTY
1717;;eisu`
1718;;базарик紐jacksov
1719;;Awsome
1720;;";;;;;"
1721;;PhanThom
1722;;player
1723;;Tokaya
1724;;wH
1725;;rice
1726;;kayaoff
1727;;l
1728;;bomboclat
1729;;j
1730;;son of man
1731;;Семейное фото
1732;TNDR;ACDM.marceline
1733;;Katory
1734;;Happy
1735;;swap commends
1736;MaD;HNaar
1737;;&
1738;qwe;qwe
1739;;mypabbed
1740;;Lissex
1741;6aH;Gayking
1742;;POPADANEC
1743;;saint-tier trash
1744;NFT;MMM
1745;kami;avior
1746;;иван говнов
1747;;123
1748;;Pure Imagination
1749;clg;once in a blue moon player
1750;;GOAT
1751;;ScanDinaV-
1752;;ReturN宝贝怪物666AKA2004T
1753;;ДРЕВНИЙ КВАКУН
1754;;Dead
1755;;Bastian
1756;;Dame
1757;;runawaY <6
1758;;coven
1759;;Nigan
1760;;le temps de l'amour
1761;;Doofus
1762;;Murasame
1763;;Kris-
1764;;kOMAR_TF
1765;;
1766;;Attendant
1767;;Rimuru
1768;;Peak
1769;;KarLdan
1770;;奇蹟
1771;;Noneee
1772;tpug;4ster
1773;;пони
1774;;Ocama
1775;;dopamine warrior
1776;;bezdarnost`
1777;;BeJluKoe_o4uw,eHue_дywu
1778;;tanex
1779;;pepedrycho
1780;;givenchy
1781;137;na ru h ame
1782;;youkitenkai
1783;;Yoichi
1784;zxc;стас
1785;;Ченость темнокож
1786;;np
1787;;XOTBOX
1788;;Друже
1789;itam_sme;failetz
1790;;
1791;;PAATU
1792;;weibo
1793;;sex instructor
1794;;PbI6a
1795;;fuckingbot)
1796;;XAXAtuntunsahur
1797;;F411ing
1798;;друн
1799;LFY;manttraa
1800;;ss0lum
1801;;乂ᴬᴹ头ＰＡＣＭＡＮ
1802;;kumo
1803;;M~KiNs
1804;;Udmurt
1805;;5hinoice
1806;;miu
1807;;начало конца
1808;;tv/edgeTV1
1809;Raif;aleshance
1810;;grtgrth
1811;;Кимпиньтяо
1812;;SaTo
1813;;cineris
1814;;Mecava
1815;Hot;Imba_stinger
1816;;123
1817;;SAFE
1818;EGB;Trueman❤♥
1819;;᲼᲼
1820;;Asy1
1821;;always
1822;;leerisley1991
1823;;godlike
1824;;ICHTACA
1825;;ПСИХ
1826;;Fever
1827;;Perfect
1828;emo4ka;емо
1829;DotaDotaDota-;-
1830;;миллион ранг тала
1831;;SINGLE
1832;;Eru
1833;;cimmerian shade
1834;;pardised
1835;;123
1836;;unluck
1837;;Accel
1838;;Pinas
1839;;gay
1840;;emoslut666
1841;;OrioN
1842;;tolstochek
1843;;Unnamed
1844;;trenches
1845;;SaintsMike
1846;;change mindset
1847;;Cracka
1848;4PIS;MasterCP
1849;;monarch
1850;;批Karas放
1851;;Lacazette
1852;;zyzzbruh
1853;;HS-QUEEN
1854;;Alact
1855;;бухона
1856;Pomoika2;forsen
1857;tw;tv/GIGA_CHELovek
1858;;чачка пипсов
1859;;Turtle
1860;;Концерт кишлака
1861;Mr;Sex
1862;;CYKA
1863;;Gael
1864;;игрок в сфере огу
1865;;???
1866;;Sheen
1867;;spirit)
1868;GRIND;eriga-
1869;Nadbavka;kiki
1870;;cvxfdnm<
1871;;HSSLNG
1872;;sf
1873;;xss
1874;;nen
1875;;tiqqi^
1876;;Tuyuover
1877;;marsmarsmarsmarsmarsmars
1878;;ennui'
1879;;Verso
1880;;Kenya
1881;;dog on bicycle with back pack
1882;wompik;Witless
1883;;april
1884;;The PuNi$HeR
1885;;braindead
1886;;Frostmourne
1887;xvll;romance361
1888;;Mode:Ammar_The_Fucker
1889;;frogster
1890;;wetorme
1891;zombi;melyha
1892;;probaby
1893;AKT;Empathy~
1894;;boring
1895;;whoppe
1896;;512
1897;;Молчаливый и безд
1898;;worm
1899;BTX;Licht
1900;;Silvio
1901;;123
1902;;echo erora
1903;;Pahan
1904;;DraugOrodThalionAr
1905;;DEA
1906;;porezplusukol
1907;ktnn;saber
1908;;udya
1909;Vize;.
1910;;Superior
1911;;M-SHI
1912;refleksiya;EGB
1913;;tv/lovesomeden4k
1914;;tv/1s8d
1915;;FeC
1916;;bartladen
1917;;Profectus
1918;;hi
1919;;.............
1920;;9tails
1921;;BigBroPo
1922;;Kobe~
1923;;I saw an angel
1924;;山几扣乂升
1925;;idk yahh
1926;;Kubox
1927;;sigma
1928;;Dekar<
1929;;TeenZ
1930;;фелт
1931;Gods;You Know Me
1932;;Пушка
1933;WD;Khaos
1934;;NightLovells
1935;;MAX
1936;sepsis`;/,
1937;;sssorrowww
1938;;rl
1939;;1
1940;;chanak
1941;Dr;Agos
1942;;HZTY
1943;;punkrocker
1944;;Acelas
1945;;QUEMIRASAPOCMTR
1946;;Whyumadkiddo
1947;;Tetsu
1948;;NoEmotiOOOOns
1949;;YБNB@Y GOБлNH0B
1950;122;FeNGZ
1951;;fate
1952;;Rattenfänger
1953;;kartophanio
1954;;Old Blood
1955;;hi-c
1956;Sli^Vers;Z0L0T0M
1957;;equ
1958;;интеллигентный
1959;;Hello monkeys
1960;;Xx
1961;;nors
1962;KYNI LOVER;#радинее
1963;;done_dodo
1964;;Pain-
1965;;Easy Sonata
1966;331313;try
1967;;¡Adiós, pedrilas!
1968;;Nois Remmi
1969;;tv/leks_howland
1970;;stfu b0ts=)
1971;;UHTP0B3PT
1972;;am
1973;;Thorfinn
1974;;PARIS
1975;UNV;Austin
1976;;Garfield
1977;wh;nwrld'llbebttr
1978;Mr;DeviL
1979;;rrucq
1980;;Sinn3R
1981;;nova aurora
1982;;<eblank>
1983;FS;ABOGUS
1984;;Unknown_
1985;;Yahweh
1986;;RuKuKRuKu
1987;;eternal youth
1988;帝光teiko;Fearoflight
1989;;only adjust to higher
1990;;unlimited
1991;Ebal;codename zero
1992;;Pango
1993;;Kaz-Miracle-
1994;;Горе от ума
1995;;Try hard/PMA/#Dontruinpls!
1996;;1/afkendidc
1997;;Spookky
1998;;2oe2
1999;;wndrf1
2000;;Amidamaru
2001;;tavt
2002;;АВАНТЮРИСТ
2003;;Berserk
2004;;f
2005;;Maybe
2006;;хип хоп
2007;;DUyOP
2008;;XxbananawariorxX
2009;J;
2010;DS;Blake
2011;;RixBe4
2012;;Tirs
2013;DSTU;4X4D
2014;;我分不清
2015;;Sandq
2016;;Jex
2017;;мясной рулетик
2018;;IceRa1n
2019;;GODS HATE ME
2020;;Britannia`
2021;джимбо;Anonymous
2022;;ne ne
2023;;моргенштерн
2024;;RCE
2025;;tel aviv
2026;;NETero
2027;;Jiji
2028;;Breaker
2029;;ODAAL
2030;vpm;mauser
2031;Lycoris;Maheshwara
2032;;Sean Strickland
2033;;ayalaoutro666
2034;;Billy Nogami
2035;;Ntakii
2036;;ocean eyes
2037;;gyagmire
2038;;1/troll
2039;Flock;123
2040;TR;DOTAГОЛИК
2041;;cb|fh99
2042;;driver
2043;;daslfewo12312412
2044;;Rolv
2045;;7700M
2046;;aty
2047;;Tassadar
2048;;ifsixwasnine
2049;;XxAronxX
2050;;last fall
2051;;ESCAPE
2052;;relax
2053;;XAN
2054;;shadowmourne
2055;УУНиТ;rthecipe
2056;;суслик
2057;;POPstar
2058;;Sani
2059;;Rostovsky Rubick
2060;;kagami
2061;;4se٨
2062;;yung christ wrists sliced
2063;;Выблядки
2064;;Трата жизни
2065;;mid only(try me)
2066;;tr1raz3
2067;;haruki murakami
2068;;Adrinain
2069;Ex-TBG;raiche2206
2070;;acid blue
2071;emo4ka;Flovnes · EGB
2072;;Icon
2073;;321
2074;;Naitsuシ
2075;;Dosa
2076;AVLNC;iSonic
2077;;t14ner
2078;;lavrik
2079;;ww
2080;;Sunder簡単に
2081;SDNS;Eul^
2082;;maeve wiley
2083;4FAG;Henk
2084;;5x30
2085;EIS;znebar
2086;;ORT
2087;;Shadow
2088;;daxak mindset
2089;;Froogoss
2090;;124
2091;;aho909
2092;;Mellow1n
2093;;KOKbori
2094;;IdntBeliveThat
2095;;t_lcads-
2096;;NewPerson
2097;T$;carnage
2098;;NESH
2099;;acceptallcookies
2100;Move;Sbdush
2101;;。。。。
2102;XMSTR;tv/alphastrike55
2103;;uma1s
2104;;boterf
2105;;faded
2106;;1.23E+11
2107;HG;accident
2108;;`Saudade
2109;;Shanhai Express
2110;;bbno$
2111;;..
2112;NPF;СИТХ
2113;PB;Re:tality
2114;;лесничок v2
2115;;bbycakes
2116;;МётрПихалыч
2117;;Millsy_10
2118;;Kezia
2119;;Desecrate Through Reverence
2120;;SAMURAI LEITEIRO
2121;;Продам акк
2122;;Gigantius
2123;;_!!_
2124;;law of three heu
2125;;Боевой Шмыга
2126;;0_0
2127;;Xclicker
2128;LightBringer;
2129;;snarky
2130;;losingSanity
2131;AXZ;Sir Dancealot
2132;MO;BACKWARDSHELLO
2133;;qQqQqqQ
2134;NT;XeX
2135;lut;La Joya
2136;;~Confus
2137;;Dlate
2138;;no more mr nice guy
2139;;Kiwanuka
2140;;parniwka
2141;;mmr tourist
2142;;sadvibesforever
2143;;BZA147
2144;;pve(лес)
2145;LD;Oss
2146;;Amer
2147;;XLKing
2148;;AnotherTry
2149;;Jyss
2150;;lizzard
2151;LA;Lakers.Shifu
2152;G5;svick
2153;;yesterday
2154;;Hecate-
2155;;nineoneone
2156;;havierop
2157;;GGG
2158;;.
2159;BIZ;arrakiz
2160;;digital detox
2161;;Катя Леденец
2162;;click to download
2163;;piss drawer
2164;;(¬_¬ )
2165;;#кунилавер
2166;;
2167;;ZOOM ZOOM
2168;;Shovel
2169;;Inferno
2170;;TeMe
2171;;Djkartofan
2172;;Lea Florence Monad
2173;;atarax
2174;;hideki
2175;;zvbl
2176;;другой ракурс
2177;;Discharge
2178;;НАМОРДНИК
2179;;keshandr
2180;NWT;Chimpancinii
2181;;RIP
2182;;dobro
2183;;no way
2184;Jm;..
2185;;ツSan4esko
2186;;lvfv
2187;;Kenner
2188;;DEADWEIGHT
2189;;
2190;;Superior
2191;;123
2192;;patrick jane
2193;stbbd;noirslvt
2194;;4
2195;TRP;Отрава
2196;;jelleyee
2197;UZT;Tyler
2198;;bad romance
2199;;Mekk-Knight
2200;owls;blindzone
2201;;i s s e m
2202;;MarkWhite
2203;;Arthur leywin
2204;;Dead_Inside
2205;;1 or random no care
2206;;malish
2207;;Love
2208;;веду себя как сте
2209;;Курим Плотный Джо
2210;RN;SalarTea
2211;;12312313
2212;;bach愛
2213;y_y;dolbaeb
2214;bL;false?
2215;;why
2216;;OVOXO
2217;;aave-
2218;;забрал приз
2219;EMP;Sensensen
2220;;Sova
2221;;Печаль
2222;;~~~
2223;twitch;tv/khayuridota
2224;;folium
2225;;Phantomesque
2226;;KeeN
2227;Wipers;4erka
2228;YatoroFaN;Barou
2229;;interludd
2230;;cucumber
2231;;motoyano
2232;;vvelvet
2233;;dCr
2234;;OvO
2235;;bodyguard
2236;;king POS 4/5
2237;;pisun
2238;;TwIlIGhT
2239;;逍遥生 rambler
2240;;yJ
2241;;玩家
2242;;new kid in town
2243;;.ttttt
2244;DD;go little pornstar
2245;;123
2246;;Ryofly
2247;;Salty
2248;;Dog shit average
2249;DX;Planwar
2250;;Grozny
2251;;нет смысла
2252;;wos-
2253;;ZЕЛИБОБЯН
2254;;Mode: Khaslana
2255;;PuhE
2256;;CCG
2257;;!Astr[O]n-
2258;FRT;Jenkins
2259;;Mone-
2260;;Eww
2261;;kirieshkin
2262;;MaL1Y_
2263;;"icyuma;J"
2264;;賊王
2265;;TricK
2266;$lave;NeDobryak
2267;MW;Quasar
2268;;Caesar
2269;;PASTA
2270;;Neon
2271;;Narek
2272;;..
2273;;Ahariya 千鳥
2274;;Deku000-
2275;;Yoshimitsu
2276;;T
2277;;Fallen
2278;;gEboz
2279;;s1mp
2280;;#ИМЯ?
2281;RnB;M1trich-
2282;;der'mo
2283;;sakket
2284;;..
2285;;NomaD
2286;;sword saint
2287;;bimbick
2288;;jija
2289;;秋雨
2290;;1
2291;;мышьки
2292;rayal;monstaaaar
2293;;HokutoSeiji
2294;;DNz
2295;Illyrians;FL0R14N
2296;;Время не туда
2297;;Makryxa
2298;;8
2299;;12345
2300;;Skyman
2301;Revolution;Rab_lampbl4
2302;;Kirisame
2303;;Kitoboy
2304;;iris~
2305;;Nostandart
2306;kick;com/hosytv
2307;;Steve
2308;;Zhooq
2309;;hangin' in the fuckin' gallows
2310;;autopsy`
2311;;f*ck you
2312;;Happiness
2313;;Lz
2314;;cashme
2315;;BrngtBck
2316;;NoGameNoLife
2317;;Oklahoma-
2318;;проклят в веках
2319;;estirling
2320;;Lostray
2321;;hewwerr
2322;;<>
2323;;Ikigai
2324;;᠌ ᠌᠌ ᠌ ᠌ ᠌
2325;Vas ebet;Shishio
2326;;(e)gozeyo
2327;;fun
2328;;Deagle
2329;;gocha
2330;;kekw
2331;ANIME;ontoha666
2332;;Ff
2333;;Kim
2334;LSS;Tortipouss
2335;espada;form 1.4/10
2336;;Sixth
2337;;Rocco
2338;OG;lebowski
2339;;teterev
2340;;qq
2341;;Mirkoo
2342;;Gargamel
2343;;xkize
2344;;< blank >
2345;;Hukutoc` (EGB)
2346;;zergcan
2347;;данил колбасенко
2348;;Yurnero
2349;;Rena
2350;;Carol Christian Poell
2351;;0
2352;;Fey
2353;;Lz
2354;;NII
2355;;Simba
2356;;Getting Better
2357;;basstard
2358;;Arsenal-
2359;;GUTOLA
2360;DM;Grimjjo
2361;;Grozny
2362;;Усатый Вупсень
2363;;Sqwed
2364;Dj_@rseny;heroinwater
2365;TD;』『
2366;;Anrage*Voodoo!
2367;;You and me
2368;;2
2369;;Ps1x_v_NOSKAX
2370;CE;Z7ohaN
2371;;pma
2372;;Meido4ka s G1taroi
2373;;киберизнасилован
2374;;KIlly
2375;;Ztov3r
2376;;ballsucker
2377;;C
2378;TP;Solo`HD
2379;;hato
2380;;A
2381;;Buriza
2382;;дольник греха
2383;;
2384;;Slim
2385;HT;yahoo
2386;;Survive
2387;SustX;Cabo★15 Y.O
2388;LL;shoka
2389;;RAPtiLe
2390;;Jimmik🍀
2391;;Coozieki
2392;;qqqqq
2393;;((
2394;;killingdota
2395;BIZ;ArkaNa
2396;;Kinkka
2397;;Pro10
2398;;Light_Soul
2399;FUNERAL;Hmsh
2400;;WidestJigglin
2401;;
2402;;Евгений
2403;;Durakav Vezet
2404;;LubbẼ-
2405;;macan enjoyer
2406;tw;WORL_D
2407;CBR;blubibubi
2408;;Mono
2409;;NovA
2410;Registan;daddy
2411;;MeTy GuRd
2412;;BUG
2413;;Milky Chance<
2414;;Versenya
2415;16yo pma;laziness666
2416;;Primal Beast
2417;11111111;Drowsy
2418;;SashaFromDaBlock Reloaded
2419;;fnast
2420;;$upeRStaR
2421;;Paparazi灬
2422;;4nka
2423;;Kise
2424;;DCOCB
2425;;СbIH_bo}I{bIu
2426;;Nexty
2427;;BP under lvl 30= accbuyer
2428;CN;cvrsedxcrxwn
2429;;蛋炒饭
2430;;blood
2431;Mike;Wazowski
2432;;Bakyla7
2433;;flintstoneMANIAC2026
2434;;lightprey
2435;;HeTRo
2436;;Daed
2437;;Художник
2438;;dissgrace
2439;KGZ;Finozipam
2440;ROFL;poprotsky
2441;;Deku
2442;t;me/paymentTVVlNT
2443;TIG34;KABAH
2444;;Lodka
2445;;ruiner52
2446;;puloff
2447;;murasame
2448;;tw/lafass
2449;;cold mind
2450;kayf;qpqpqpqp
2451;;dreamcore
2452;;MossadTelHai!
2453;;dead players
2454;;Fachero
2455;;same
2456;;dead gameしむ
2457;Dovakin Billie;EGB
2458;;AFERIST
2459;Ex-TBG;gxdsyndrxme
2460;;Totem
2461;;‎
2462;;ʍö尺Ģ€№$₮€₱₦
2463;;username
2464;;lymi
2465;;Кочерга
2466;;tilted
2467;;llll
2468;;tv/just_bers
2469;;Yung Trappa - Amy Winehouse
2470;;гоблин
2471;;nessaj`
2472;;AS
2473;;Dranik
2474;;recluse
2475;;MILFIC
2476;;Newf
2477;Rpk;blessed
2478;;i'm done dreaming
2479;LAbuba;rovnyi
2480;;Hobbes
2481;Asco;13abyKnight
2482;Kontur;flow_q
2483;;JAGUARRR
2484;;inflame老板
2485;;Антон Городецкий
2486;;opium core
2487;Paid 4;Forsen
2488;;󠀡󠀡 󠀡󠀡
2489;;SoSoon (prime)
2490;;uu
2491;;RinLar
2492;;我们追查印刷错误谎言
2493;;buggati or dugatti
2494;;metauser
2495;;cuckold drama X
2496;777Retsu;BBYODA
2497;;ezzlegacy
2498;;Storm
2499;;Mont1k
2500;;majKK^
2501;;kirai
2502;;cтраж 3к рангов
2503;used;Gadarma
2504;;ego racer p(x_x)q
2505;;REAPER265
2506;;социалка
2507;benz;triumph
2508;;Ecci
2509;;Purposefu1
2510;RR;leoNodz^.
2511;FF;YeattynBalasy
2512;;Jigglin
2513;;Carried Away
2514;;Ditya Ra
2515;;Siega Imputlag
2516;;VARSAVA
2517;;L15
2518;;ICU
2519;;Armazel
2520;;мусор худший
2521;;44
2522;;Predator04v
2523;;Re
2524;RBW;SOSO
2525;M3RCY;Mercury
2526;6 7;BAKAMAKA
2527;;☺
2528;;only1please
2529;ELM;ACDM.karo `
2530;;twentythree
2531;;hzk
2532;;mason: mode winning + tryhard
2533;;VesiNokkaEläin
2534;;Kr4user-
2535;;Делатель Разницы
2536;;blood_lad
2537;nynp;estmle
2538;;
2539;;narcotics
2540;;Incrementos
2541;;suffering in silence
2542;Zc;JANEMBA
2543;;Impressive~
2544;;y'
2545;;#ИМЯ?
2546;;Kaci
2547;brmm;fpf
2548;;#ИМЯ?
2549;WONG;Coral
2550;;itamo
2551;;秋天，许多花瓣直接落
2552;;AQuKiNN
2553;;1000 причин
2554;;CrypT
2555;VIER;Ligbank
2556;hmgst;Nomad
2557;;zmax_007
2558;;NGNL
2559;;vacker
2560;;xtk
2561;;Вебкам модель
2562;SCBReborn;Trin
2563;;broken
2564;;Flose
2565;;Twin
2566;;Fessa
2567;;Luminel
2568;Scoofield;goodoq
2569;;Stänkarn^
2570;;charizard
2571;;SanyaParavo3
2572;;insect
2573;;target
2574;;zxcSleepParalysisDemon
2575;CAR;PuAntVa
2576;T;Spirit.3RS
2577;;vilenight
2578;;V
2579;4EK;bobs
2580;;Mental Inquisition
2581;;MNS
2582;TKR;Dizzy
2583;;Михал Палыч
2584;;tepercho?
2585;4pikachu;dark triad
2586;;Papita
2587;;Shanghai moon
2588;;Zoimotoboy
2589;maksat;exe
2590;;xd
2591;;Freakish Nature
2592;;Aisid
2593;;KeyNG
2594;;ming
2595;;axaxaxaxa
2596;;suck
2597;;HeyHo
2598;;koval3k
2599;;Monday_Woshka
2600;;SΛGΛ기적
2601;;Cabs
2602;;2noroll
2603;lvlvlv;kiskavzoneriska
2604;;Onii sama
2605;1;ECF.Wh1stler
2606;;
2607;;#USATERRORISTSTATE
2608;TS4;HowDarb
2609;;triumph
2610;;strongmind-
2611;plink;yonnest
2612;;togi
2613;;омраченный княже
2614;;Blazin'
2615;;ｐｙａｎｉｙ
2616;RíM;Trummy
2617;;angelstears
2618;;кот10кот10кот10
2619;;ElixiR
2620;;ddd
2621;;Proh1ndei
2622;;HESOYAMjke 泊居
2623;;Mishanya*
2624;;qRamcy
2625;;SPACECOW
2626;;CuFa
2627;;Rin
2628;;Grey
2629;;Fαbiαη♥ⁿᵃᵗⁱ
2630;BETON;HaroldBot
2631;;gHq
2632;;Akito4_d2
2633;t;tv/toryjzx
2634;;BB
2635;;farm
2636;;snow
2637;JanymSoul;krutoi312
2638;;EU SERVER = APES HIGH EGO
2639;airwaves;H.
2640;廾丹乂ㄚ认;Yummy~!
2641;;Mopson
2642;Boost;็็
2643;Ghoul;froschtraurig
2644;;o shi xe teo
2645;PVG_BY;ХАНАХАКИ
2646;СФУ;akihabara
2647;Brolau;Mantelis
2648;;merciful
2649;;Thank
2650;;Не душите , БЛЯДИ
2651;;Бивень
2652;;sssss
2653;TPU;Temachyo
2654;;JackieChan
2655;;Garion
2656;;wnave †
2657;;CAPPY
2658;mdy;残 星
2659;;сру говном
2660;;Bomboclat
2661;EYE;GrimReaper
2662;;Kazandar
2663;;kepka
2664;;dead inside
2665;russkiepopki;ru
2666;lfc;welenw
2667;;depressed
2668;;Al'CantarА
2669;;"Au; [Пожалуйста убе"
2670;;НАЧАЛЬСТВО ЛОББИ
2671;;mmr martian
2672;;123
2673;;123
2674;jef;.Sarcasm_Provider~
2675;;сыроежка
2676;;takizawa seido
2677;;gmgn
2678;;RoDi
2679;;De_Dmitriy
2680;;Gr00VE
2681;;Martin Iden
2682;;Acidtox8
2683;;fish2013
2684;;istasha
2685;;D Rose
2686;;downer
2687;;Temkanike
2688;;cpirra
2689;;Badcompany
2690;;ZeaL
2691;nOvas;Manager_Mintaika
2692;;LuffytaroRRRR
2693;;izanamihope
2694;NCT;Ash
2695;emo4ka;ego racer p(x_x)q
2696;;DJ MISHA
2697;;LargeFries
2698;OFF;ClivenMiller
2699;;Prince
2700;;take it, boy
2701;;commonsense
2702;;Melogt
2703;;Trinidad
2704;;angry111111111111111111111111
2705;;LaréTz
2706;;迪杰特
2707;;asdt1`
2708;ТС;Кошмарик
2709;;скиталец
2710;;leemcqueen
2711;;no Hope todayy
2712;;/
2713;;tristam
2714;;CyX4R1K
2715;;a
2716;IT;FALL
2717;;minet pattern
2718;;s
2719;DT;F4
2720;;196 Days
2721;;lul
2722;;TESTOSTERONE DIFF
2723;;Jumbik
2724;;26winters
2725;Positive;Farena
2726;;FRIDAY 13
2727;Real>;ASTRA
2728;AVTP;rgd
2729;;SleepMode_
2730;;cory
2731;;STARJAMZBOYTOY
2732;;Alex
2733;;Nulic
2734;;Escoescobarovich*
2735;HSE Otters;exorcist123
2736;;endwpil
2737;;ОСТРОВ САВДЕПИЯ
2738;;tv/mefenyasha
2739;;ASD
2740;;wein
2741;;Apollon
2742;TIB;DommyB
2743;;fulanito52
2744;;10
2745;;magnolia
2746;LS;Self-Made
2747;;nightbloom
2748;Game over;
2749;Disciples;Severus
2750;;duhgat 2
2751;;Pian1st
2752;;Reweghit
2753;;fullstack logist
2754;;Nameless <
2755;IN5;Immortal_Cow
2756;;123
2757;;kinggdemon
2758;VPVP;Sanguinius
2759;;nata
2760;;trickster
2761;;smstrax
2762;;Good Will Hunting
2763;;mmvictim
2764;;тихий холм
2765;;FushigurO
2766;;arthur dayne
2767;;1G4G W/team
2768;[LoT];Dracula
2769;WD;mihacle
2770;;sweetpea
2771;;Флоки
2772;;35%
2773;;o_0
2774;;sonny hayes mindset
2775;;Alaska
2776;;кабилджон_doto
2777;;
2778;;supp wr 0w-60loses
2779;;dj Roman
2780;;Kagami
2781;;Mendor
2782;;yoxcel
2783;;<Hez
2784;;plxry
2785;Mr;Nonchalant
2786;;сакай
2787;;朝闻道
2788;;Noxiet
2789;MOTOP;EGB
2790;;nomori
2791;;xstapisya
2792;;суетолог
2793;;paфep
2794;cm#;liza barashek
2795;;create.moment
2796;;pohui+pohui
2797;;S
2798;Constellat;aynos
2799;HCS;WINTER
2800;;cursed child
2801;;Cайка
2802;;sxnhx_
2803;;egos^
2804;WND;DISSABOR
2805;;котик
2806;;Mad Frog
2807;;KongKyed
2808;;Stone
2809;;Mason Greenwood
2810;;nduronio
2811;;
2812;;Dika
2813;;gege
2814;;loft
2815;;Чебупель
2816;;dogmatic
2817;;Premier
2818;;Penguin mentality
2819;;jouvert
2820;;Sweety
2821;;Ira
2822;;ZLADEX11
2823;ISR;serenity
2824;;thomas shelby
2825;;dadada
2826;;Surovi
2827;AG;JeSuS
2828;;Eternal
2829;17y;o pma.yup1
2830;;Спермопаста Саша
2831;;cancer
2832;XVII;yoyoyo
2833;;kolbaseno4ek
2834;;peppe
2835;;DDamageRR
2836;;Hollow
2837;;SawMan
2838;;3or33
2839;;wyoming incident
2840;;balll
2841;;SalvatoreGanacci
2842;TI;ShkeepeR
2843;;4shist
2844;;SamyuZ-
2845;;sochniy
2846;FBG;tv/voyage_666
2847;;lil baha %
2848;;FlW
2849;;смех
2850;ViVo;Oldevan
2851;;BigdaddyRed
2852;;DA
2853;1;saruma
2854;;John Dick
2855;;song of the fallen
2856;;Zolotce
2857;;.NoName♥
2858;;Ragnarofl
2859;;Natt i Saint-Cloud
2860;;icmf
2861;;ухмах mode
2862;;Captain Larsen
2863;;`Tokyo
2864;DT;skyone
2865;;RaZed`
2866;;Hamburgher
2867;;Mortus
2868;''''';emiks_titya
2869;;HellishMorgoth
2870;;Vladezy
2871;;VodolaZjke
2872;;sadtopia
2873;GP;)
2874;;Lakrof
2875;;циркач Опля
2876;;Soulpr
2877;LSS;tØno
2878;;120th
2879;START+;lordwhy
2880;;Milad Sky
2881;чикиpяy;хочутaтapку
2882;;Laura Palmer
2883;;Сдаваться рано, в
2884;;mid/afk
2885;BH;Kut9
2886;MID;Revive
2887;OP;JESS
2888;;EL PISTOLERO
2889;;Skyfy
2890;;slaweak
2891;;Senseless
2892;m;g
2893;;swap cm
2894;HTTM;Dmachi
2895;;tryharder
2896;;оукей гад дем
2897;;Kamui
2898;;T0bi
2899;KK;meow-
2900;;dontwasteyourtimeforworthlessppl
2901;CREEPWAVE;bloodyface Таймер смер
2902;;Kael
2903;;akinak1337
2904;;brainrot
2905;;еписькоп
2906;;August
2907;;РИМАЧИКУН
2908;;Kalash
2909;Rachmaninoff Сoncerto No;3
2910;;кошка
2911;;Renxx
2912;WONG;k4mky
2913;;xX_GamerGod2012_Xx
2914;;Alyssa Ashcroft
2915;SCM;R.R..Profke
2916;;Paltzu
2917;kawaii;WoOdy.Kiper
2918;;yupi
2919;;кат(рiзати)
2920;;Bonesnap
2921;;0overdose
2922;;青旗
2923;;Mauricio Pochettino
2924;;de3em6er
2925;;Melded
2926;;excapex
2927;Ph;
2928;;Like
2929;;performance
2930;;Капитан Тюлень
2931;NG;Instincts
2932;vangla;Paulike
2933;;Stellar
2934;;Poplach' cy4ka
2935;;dd
2936;;Shalfey
2937;;Trall
2938;;Indshun
2939;tEARSS;debut
2940;;-
2941;;1
2942;;СПЕРМА ОСЬМИНОГА
2943;;sky_
2944;;w1ntermute歹夢
2945;YD;n0ught-
2946;GGD;Jenda
2947;;nonchalant
2948;;reverendinsanity
2949;;sinhong
2950;SharkG;Dylerzm
2951;;Mentality
2952;;ww
2953;;Young Gudini
2954;;INSANITY
2955;S;B.K.com/Pagonde85
2956;;jin
2957;;RICARDO
2958;;pos4
2959;;^^
2960;;ShaGGy
2961;;prop4shok?
2962;;EPIGONE
2963;;Alfonsus Servilianus
2964;;noway
2965;;Kali
2966;;xdxXDXxd
2967;;fff
2968;;афыафыафы
2969;;ISOLATION
2970;;星月
2971;L;abiRaZzZ
2972;;Chester
2973;;Scatman
2974;Fi`D;MarmelaD
2975;KEKW;phantasmagoria
2976;;появился в интерн
2977;;imon12alprazolamxr
2978;;2na
2979;;niels
2980;;Koyaanisqatsi
2981;;Я ее любил
2982;;C++ enjoyer:
2983;OP;Glete
2984;;Lazarious
2985;;пудж
2986;mediocrity;
2987;;z a c k i e
2988;;Davidzanas
2989;;gella
2990;SPK;stonic
2991;;красота
2992;;guapteezy
2993;Mef;.w0l3nd3m0rt
2994;;бублик
2995;Old;@Sokur
2996;NIHL;Archip3lago
2997;;Daytenojkee
2998;;prntrak
2999;;quint&
3000;;SeeYouLater
3001;;Fuhrer
3002;LTT;elf.balance
3003;Ambush;Theambush
3004;;Seidou
3005;;kygo
3006;s92k;Anealagon
3007;;Pipa
3008;;Игрок в доту
3009;;akkerdjie
3010;NSZN;愚夜.yo
3011;;regularity
3012;;☪
3013;DDS;Keria
3014;<3;tv/gyzlk
3015;;𝕐𝕦𝕥𝕒
3016;;sexualfivetrust
3017;;tycoon88
3018;;SuM iYa ViBeS
3019;;⠀
3020;;Thomsl
3021;OMGUPS;Ptenchik
3022;;EdV
3023;MM;PerJurgen
3024;;jijimka
3025;;dance till you're dead
3026;;#ИМЯ?
3027;;tails
3028;;As Milos
3029;;Dolppa
3030;PR;Duel Maister
3031;;Lanka
3032;Samuel L;Jackson
3033;;tamine
3034;4R&F;Okun`
3035;;blatnoy
3036;;ht
3037;;SoloSmoker
3038;x0adlsp][/a;.
3039;;PHD in farming
3040;;7KASPAR7
3041;SOI;NoSadNoBad
3042;;SurReal
3043;DFY;Shailer
3044;Вайнона;
3045;;old drop
3046;;))
3047;;< blank >
3048;StAGS;乐园幻想
3049;XO-XO;Dummy я проклят ☠
3050;;glamour demon
3051;;Myst
3052;Yobi D;
3053;;Мэднес
3054;;talk english ty
3055;сhel;tiiiiiiiiii
3056;;kojiiro
3057;;ptsd
3058;;Intel Core i5 10400f
3059;KPSS;immaculate
3060;;я нacтoящий
3061;;маджол
3062;Vaala;Kaljami
3063;;Тушканчик
3064;;w44rd3n
3065;model A;Longrer
3066;;hidden pool ceo
3067;ZOV SVO;Viksik
3068;zvёzd;слабость
3069;;Francy3uk
3070;WW;Mambyzering
3071;;Yue
3072;;Долбоеб
3073;TG;K0JAK
3074;;любовь ранит
3075;52;Nyash~
3076;;愤怒
3077;;Pozer
3078;;arturo b
3079;;~iMperiaLism
3080;;Caxame
3081;;Hello, Elliot
3082;;evanS
3083;Psquad;Carl
3084;bram1x *,;.,*
3085;CBR;Goodlife
3086;;dandandan
3087;SR;mangekyou_fan
3088;;Xeksy
3089;Gentlemen;Balance
3090;;pizzacodeine
3091;;2 premuta= random
3092;;dAw?
3093;;Reze
3094;;Perfectly drawn sword
3095;;Братан
3096;;Mascot
3097;;Dustylock
3098;;Іван Михайлович Я
3099;;Senny
3100;MiN;6310
3101;;КАРБУЗ
3102;;27
3103;;кисуня
3104;;T6_M1REY
3105;;Hoggi`
3106;;мне 23
3107;1;Арсен
3108;;Turnschuhmann
3109;;karta
3110;WB;3u9
3111;;w1l_d
3112;zaza;jabaklot
3113;WONG;nagi
3114;;q
3115;;>F
3116;;DOTA 2 SAVIOR
3117;;Nikro
3118;другой стиль;
3119;;kl1rikgod
3120;;M
3121;;LAST LEGION
3122;;ТОЛЬКО
3123;;9900-9800
3124;wooF;.snorpie
3125;;chiefdoggy
3126;;BillionsMustLove
3127;;FAR
3128;;Fog
3129;;azibo
3130;;Метадон
3131;;rY
3132;;white dance
3133;;Save-
3134;;кайфую в свинарни
3135;;<
3136;cmd;theme
3137;;///AMGBOSS
3138;;Metis
3139;адministrаtoг;EGB 999gpm min
3140;;#kiss :*
3141;;Blaireau
3142;;thinking never hurts
3143;;de_survivor
3144;;7.66E+16
3145;;John Galt
3146;;tRyHaRd/
3147;;Rinne Sharingan
3148;;mkv
3149;;Oxxxymiron
3150;;dead
3151;;akayami
3152;;Collins
3153;BigDota;BlackSwan
3154;;123
3155;;цемент.
3156;;Maru~
3157;;Inner Mongolia
3158;;defenderdota2#iamgay
3159;;Imaging
3160;;MightyMustache
3161;;Gorthaur
3162;ЗЧ;JekiChill
3163;;8orsh
3164;;mouz fan
3165;U;T.
3166;;Db4k
3167;;HotDog
3168;;Срывный нерв~
3169;;Marissasia <・)))><<
3170;;kg/cm2
3171;;Ossorio
3172;;amnesiastageone
3173;;hiroller
3174;BENZOGANG;"-=[];',./_+{}:""""<>?|"
3175;;Sveglov72
3176;;xyztrener
3177;GAGL;HaLa MadriD
3178;;>(
3179;WL;SIngular
3180;;tslayerjkee
3181;;Чесночек
3182;;YeungS
3183;;伦敦小伙在线求爱
3184;;sunrise
3185;;arc
3186;Cal;Cirno
3187;;☭ RedFat ☭
3188;;reiliin
3189;;GASHAMONSTER
3190;;suli0
3191;;урса то медленная
3192;;ningen
3193;;Flocka
3194;;Herr hupf
3195;;whoiam
3196;;BILLYSJOEL
3197;;D
3198;;Khameneiii KOSE NANAAAAT
3199;;Carl-
3200;;Boxer (ง'̀-'́)ง
3201;;tolko prosnulsya
3202;AT;ChillABitная
3203;;A$APSEREGA
3204;;Mystery-
3205;;Каловый завал
3206;;m1steq
3207;АГЕНТ;Yare
3208;;Дмитрий SWAGBless
3209;;nobody
3210;;ExNeex
3211;;Alerno
3212;;El tetrafármaco existe
3213;;4СB
3214;Katamise;EGB
3215;;✈Checking
3216;;AweWaxx
3217;;Nikitka
3218;;добро в мете
3219;;wooferina
3220;;KisShadi キッシャディ
3221;;win win win
3222;;уже не игрок
3223;;gigalomaniac
3224;PHARM;ТАМИФЛЮ 75
3225;;Feluba
3226;;Atrakt
3227;;Отвалите зяблики
3228;;Cable John
3229;;Snack
3230;;я олдмани
3231;;попкорн
3232;;John Wick
3233;;WIVin
3234;;novice
3235;;DoppelGanger
3236;;ttv/Virsatus
3237;;raisedbyelectro
3238;;Curie
3239;mr;Eko
3240;;подек xBRONX
3241;ego;evernight
3242;TA69;BIGsexy>>>
3243;;Nothing2Lose
3244;;Snake_eyes
3245;;game
3246;;ем пальцы
3247;;стиви блоуджобс
3248;;КТО НА АККЕ
3249;;Regaly
3250;A4;ProzeR
3251;;kkkeeggg
3252;;ЧУМАЗЫЙ(PRIME)
3253;;6000000000себя
3254;;week
3255;;Zuzu°
3256;NT;RIzZ愛
3257;DH;Corvus
3258;;toughness
3259;;zxcvalerapudjeq
3260;;Retired Happy Nation
3261;E-Town;MindFK
3262;TWNK;Entity
3263;;tane
3264;;bloodick
3265;;highroller
3266;;трайтусмайл
3267;;future milf
3268;;PumBiy
3269;;emptyeyes
3270;;Punchline
3271;D;Teach
3272;;Lekr0
3273;;Ø𝒱𝒱𝒱VℰℛℒǾℛĐ
3274;;S1gem
3275;;сережаКамод
3276;;812
3277;;мне повезет
3278;;Cataluña
3279;;/mey
3280;;PicksLocks
3281;;awm
3282;;Noctenhall
3283;emo4ka;ss20
3284;;QWEAFZDSB
3285;;Анатоксин
3286;;broken Identity
3287;;EL MATADOR DEL MAR
3288;футбольный мячик;
3289;;wellwell
3290;RVG;ShineDi
3291;;Yayo 2
3292;;Mambos
3293;TM;trapnest
3294;;6161
3295;;Daazzy
3296;;твичвнике=лоуски
3297;;Blake-
3298;TP;XinG
3299;;MiyaGi(PRIME)
3300;;Пушистый хвост
3301;;tv/milliamy__
3302;-- ---;-. --.. .
3303;;Riace
3304;Villain;DibiDus
3305;;PROVOCATEUR
3306;semeystvo;вомбат
3307;;*Krot
3308;;Hunk
3309;bdynasty:;✧✧✧ g0thic barbie
3310;PB;秦始皇帝
3311;;voker
3312;;Earthquake
3313;;RECOVERY
3314;;󠁳1
3315;東京喰種;Haise`
3316;;Turbo
3317;G;Rille
3318;GG;brokeboi..
3319;[T;A.].kazmierczak
3320;;h1trec
3321;;Valetdoto
3322;;umnica
3323;;baka
3324;;PEREDOZ
3325;TG;Timix2600
3326;MKB;ZeroBEER
3327;;solo leveling
3328;cvrsxd;:/
3329;;George Droyd
3330;;Sack
3331;SaD;Kin
3332;;nobody feels the same
3333;;zxcdemon2010
3334;;скелет)
3335;;SWTLN
3336;;Ты тильтуешь под
3337;AVTP;chetttq
3338;;kupil
3339;;zAKoL-
3340;;swap commends
3341;;Dinozavrik
3342;@TOX;Ice Bear
3343;DB;kada
3344;bless;Nero
3345;;NaNaNa
3346;;shinita1^^
3347;;acnology
3348;;enderp3rc
3349;;私は才能がある
3350;;láska
3351;;Хорошо и Вкусно
3352;;No Life
3353;;ManzZz
3354;bread;Lallarn
3355;;WANNABE DEITY
3356;;Yves
3357;;tv/rezvyu
3358;;nosebleed
3359;n;S #.skvoRR
3360;;贄の匣庭rika
3361;TAOF;Akey-
3362;AG;Menace
3363;;newsky1337
3364;;no chat
3365;;L?
3366;;Beneficent
3367;;1.11E+29
3368;;HucciOVS
3369;;cola zero
3370;;END
3371;;---
3372;;ShamanOfTheSun
3373;nOne;freezing rain
3374;;anthem999
3375;;peradventure
3376;Nyva;greekgod
3377;;Jīngshén Cuòluàn
3378;;MAESSTWO
3379;;Яна Цист
3380;;mouceen
3381;;tv/ＣＵＲＳＥｑ
3382;;Васян
3383;;I can't roll 720 hours
3384;;Undec1ded
3385;;IWannaRock
3386;Пыль былого;
3387;;Fringe
3388;;чуитс
3389;;noking
3390;;ZiK
3391;Nkm;axaxaxkatana
3392;;AomineNoRoll
3393;;babuflex
3394;;lstc
3395;虚式「茈」;SatoruGojo
3396;PHARM;Aerosheet
3397;;Fadersfiguren
3398;;Sayouri
3399;;Мяу ( meow )
3400;FS;shiranai
3401;;ketapit
3402;;CUMASS
3403;;def
3404;dRds;k1cknay
3405;;Belkg
3406;;durka
3407;pidor;micropenis
3408;;rake
3409;;cac
3410;;Accbuyer
3411;;4 5 or bored
3412;;mutant
3413;;hAAdeSSS
3414;;Brax
3415;;Kayri
3416;;2 pos / no roll
3417;;ММР ТУРИСТ
3418;;arachnophobia
3419;;Zalius_1729
3420;;patron
3421;WW;Monotech
3422;;sadomaza261
3423;;папочка
3424;;Skaper
3425;dE;MalzBier-
3426;;soloranked ghetto
3427;glamour;triplex
3428;;762
3429;;факинг
3430;;cockstick
3431;;мотя
3432;;Stoked
3433;;but illtry
3434;EGO;333
3435;;only adjust to japanese
3436;OCTAGON;Luka
3437;;toksaxgod
3438;0;0
3439;;Dankeqq
3440;;shelbywalk
3441;;Anathar
3442;;tekato
3443;;Monkey
3444;;Flerp
3445;;`FLSnow
3446;AS;ApoWaRR
3447;;StoLaP
3448;;mannaya kasha
3449;;Samoreight
3450;;ㅤ
3451;;Compile
3452;;SimaS
3453;;.ValtsUwU
3454;;mind
3455;;glamour
3456;;vanuha228666
3457;;zero insight
3458;;Wonder
3459;;Sh0keZ
3460;;Farhid
3461;;Koka
3462;Dr;Strangelove
3463;;dimidrol
3464;;Jinata`
3465;;reycheL
3466;;BooM
3467;;๋
3468;;-wyS|Ch3$t3r-
3469;Geniy;^Cechieaea
3470;;Sappy
3471;;Spk
3472;;денис
3473;ZOV;сальвия
3474;;Give me a gun
3475;NTimber;sunshine
3476;;Dekadens
3477;;BASTREYKO
3478;Chikara;Lost Boy
3479;;Enrage
3480;Klops;pray
3481;;Shadow陰翳
3482;;Бегущий по краю
3483;;kotsuro
3484;;Pena
3485;;Адвокат
3486;;w8
3487;;no iq man
3488;;☣ Kolbaster Dota™ ☣
3489;;Jagan
3490;;Hailrake
3491;;♫ мoя вoлнa-deephouse ♫
3492;;Ðⱥᴙkyy
3493;RE;blossom
3494;;Yuu
3495;;QCold
3496;Akatsuki;Vanity
3497;;Stvol
3498;;Wilkazz
3499;;INIKI
3500;;But why?
3501;;Soyah
3502;;comeback satisfaction
3503;;圣嘉然之力(pos3
3504;MBB;zOllOk
3505;;buh
3506;;zeand
3507;;jimпарк
3508;;eleven
3509;;Come Vincere
3510;;butterfly
3511;brooddad;loverofLosing`
3512;;red weather
3513;ауе;cherry waves
3514;;Neil
3515;YeS;d1kusha
3516;;forever yng
3517;;БАТЯ НА ПОДХВАТЕ
3518;;pill overdose
3519;;маракуя
3520;;SultanXXL
3521;;last dance 太肺
3522;;tv/1teksan1
3523;;alisar
3524;❤;нежное дерьмо
3525;;luft
3526;mr;Y)i(acHbIu
3527;;Грамм Препаратов
3528;;Hattori
3529;;hi_gitla
3530;SNOP;Dirty Mike
3531;;СОЛДАТ
3532;;amaar
3533;;Azui
3534;;Piero
3535;;2bad
3536;;retrial
3537;;1.11E+30
3538;;Ged
3539;;Causality
3540;Mister Magic Jr;
3541;;Yen
3542;;dreamwalker-
3543;;DzDx_Xxx
3544;DFY;sadass
3545;;only mid
3546;;arznosunset
3547;;شاهنشاه اریا مهر
3548;;Collapse^
3549;;tardus
3550;Barbara;Whiplash
3551;;Babochka
3552;;facers
3553;;FrogMan
3554;;Foremost
3555;;BMW
3556;;mut
3557;;#sadshit2007
3558;;AsahI
3559;;HoloCala
3560;;maniac
3561;;not prime
3562;;Un Gato
3563;;SSS`unholy
3564;RWBY;Sunamar
3565;;Bulka
3566;;icantsleep
3567;;NoChat-
3568;;fightme
3569;;честно хочу дружи
3570;ai;K-eater
3571;FG;soll9k
3572;;Mikhail Tal
3573;;kirtos
3574;;Hitory
3575;;Ferruccio
3576;Inverse;2paC
3577;;Dilfinariy
3578;;yw
3579;;blaiOD
3580;;Οταν στα σκαει το
3581;;csp
3582;;RaduPhantom
3583;;Bloodared
3584;;ShinigaM
3585;;Dawa
3586;;Agony
3587;;bat9_
3588;;vexor666
3589;;Gery
3590;;4u_2u
3591;;Maybe---
3592;;Lost Reverie
3593;;бельчонок
3594;;Skvznk
3595;;Ryuk-
3596;;nozarashi
3597;;final boss
3598;www;cutsonmywrist
3599;;dongpo
3600;;ferte
3601;;Ｓ
3602;;FlexOnYou
3603;;Daybefore
3604;;аркана на макана
3605;;Trinity
3606;;Plus_kkkkkk
3607;ds;RaDza
3608;;leo
3609;;Iced T
3610;yG;Wors3
3611;ДЫМОК;Dobryak
3612;;штурмоваявинтовк
3613;;RYO
3614;;"Saito;"
3615;;.El Poderoso de Israel
3616;;konkretno xapnyl:(
3617;;ℊΉự ự ΉờҸự ₮ӹ
3618;;resistance
3619;;Wh
3620;;Грёзы идеала
3621;;WAAAGH!
3622;;Crystal Castles
3623;;Bukin
3624;;SavAGe
3625;;Karas'
3626;;Slumpjke
3627;;1
3628;;стабильно хуевый
3629;;
3630;;twenty4day
3631;;RavshanN
3632;ull;ash
3633;;drynua
3634;;Cherkashka
3635;;obey me world ASAP
3636;;darling
3637;;Владик
3638;RS;Kickers
3639;;痛み
3640;;максончик
3641;;Everlasting
3642;;god blessed
3643;;emic
3644;;Snake~
3645;korobkiny;SpongeBob
3646;;крысиный король
3647;;Fatboy slim
3648;;-_-MailMan-_-
3649;;Syringe
3650;;cutiedead
3651;;Duvet
3652;;мухомор
3653;;YeGodzzz
3654;;Killjay
3655;;архитектор
3656;;Ханты-Мансийский
3657;;Abbaddo$
3658;;Photon
3659;;НЕ МОГУ
3660;МАУ;divine
3661;;irealGrinya
3662;;GROMOZEKA
3663;;emotional damage
3664;;sparks
3665;;Зондбе преколы 2013
3666;Mr;Vincent Drake
3667;;hades
3668;;wqesadzxc
3669;;111111111
3670;;Nova
3671;;kRENDEL'
3672;;savior
3673;;Cын Капибары
3674;;vamola
3675;;Лысый 3ек
3676;HAVU;MemZi
3677;;Holy
3678;;-X-
3679;rs;asuish
3680;;Happy house
3681;;隻眼の王
3682;;(lucky)happy
3683;;Я просто устал
3684;;#ИМЯ?
3685;;ManukinGG
3686;;картель
3687;;Flumik
3688;;yuraminashi
3689;;buldozerXzol
3690;;Scrublord-
3691;icon6;Aniforce
3692;;:)
3693;;мне афигена
3694;;Dembass
3695;;fVt
3696;;wertyuuiopuu
3697;;ǝlɔɐɹıɯ∀
3698;DWT;braindead
3699;;kedr
3700;;cLover
3701;;BATbKO ROFLIT
3702;;KuS
3703;;emptiness
3704;;shinei
3705;;osoznanie
3706;;Fire Wolf
3707;;Showbiz
3708;;#c71585
3709;;nluv
3710;;sae
3711;PT;C4deiras
3712;;!Loner-
3713;;AppicK
3714;;morale
3715;;igrahuem
3716;;eW
3717;;Fish
3718;;sorajj
3719;;TheMake
3720;;22
3721;;cybbug
3722;;Kagaoshi
3723;;rental
3724;;pma(prime)
3725;;plechozmei
3726;BLT;RobbyG
3727;;ШИШКОВСТАЛОВ
3728;;Rivai
3729;;MxkqStqrm
3730;;Hentai
3731;;only negative
3732;;martinзавоse ww
3733;;- 1000 MMR IDC MODE
3734;;bleachblonde
3735;;pripizhenniy ))
3736;JJ;Sai|ren
3737;;ТОЛИК ТОРНАДО
3738;;urod
3739;;Математик
3740;;"ipm (0n (i+e); r)"
3741;4 6ks+P;WiMMi
3742;;Eliphqm
3743;o;o.别跟我说话 你可能会坠
3744;;1999_Rn
3745;GRY;YoungFlex
3746;;ViruS
3747;;IroN
3748;;датракиец
3749;;shinsu
3750;;kvaksha
3751;LiqqqF;morphlindance
3752;;Madass
3753;;esmeralda
3754;;Bish
3755;;1+4=5
3756;;ILLCHAY
3757;em0;emoslut666
3758;;побеждаю
3759;;дерек тротер
3760;;77
3761;A$AP;charlzzz
3762;VL;dnmrms
3763;;zero libido
3764;;#ИМЯ?
3765;;katana`
3766;;MEL
3767;;BadBurger
3768;VVS;КАТАФАЛК
3769;AF;Sept
3770;;I see… absolutely nothing
3771;TB;Q
3772;;meow))
3773;На месте;Морской буй
3774;KnG;2someday
3775;HyD;Miiew
3776;;JICX consistency and discipline
3777;;yollos
3778;;avv99
3779;DNa'Vi;I.I
3780;;писька
3781;;Officer Harris
3782;;
3783;дауби;кабанk1d
3784;Kras5;tsuyomi
3785;;П О Р Ш Е 9 1 1
3786;k1d;t3ars
3787;;sy
3788;;Redberry
3789;;Imprarce
3790;MT;Zaop
3791;SAO;Дышим Носиком
3792;;sora
3793;;Niggas In Paris
3794;MM;Maldnation~
3795;;Danielpandaman
3796;;VegO
3797;;tw/AgniKai2003
3798;;✪Gotta 得
3799;;gega mutovsky
3800;;soulM8
3801;;говняшечки кляни
3802;[T;A.].oDolly
3803;;pma
3804;;Neon™
3805;;The one who left it all behind
3806;;Mischief
3807;;senpaj
3808;FOD;SeGa [79]
3809;;top𒀱𒀱𒀱𒀱𒀱𒀱𒀱
3810;;4eburashkaa
3811;;шмаркач
3812;;ጠል◙ልዪ
3813;;Jleeum
3814;;Aegon the Conqueror
3815;;Som1kEbasher
3816;YURTA;Handicapped
3817;;Frozen Throne
3818;;jeyrich
3819;;Nova
3820;4EK;
3821;;life observer
3822;;Kniga_bratan
3823;;player
3824;;Whlf=#
3825;;str3ml1ct-
3826;;Where is my cat?
3827;;davidka
3828;;pe3da ^666^
3829;;W
3830;;проклят на ммры
3831;;Lost My Marbles
3832;;Qx
3833;;ervdcgdrgw
3834;;Emeredero
3835;;Vagabond
3836;;Балбес
3837;;Tipsyyyy
3838;;oPz
3839;;кукакола
3840;;non𐕣Function
3841;;CAWA_LEXUS
3842;;Cezs
3843;;снюс ☠
3844;;toqqash
3845;;Niholpi
3846;;hvostick
3847;;212121221
3848;;ICEDANCER
3849;R;I.P.
3850;;playmaks
3851;Indie Kid;Mole
3852;;wdd
3853;;уолтер бланко
3854;;joot
3855;;2+2=5
3856;;Blasa
3857;;kawasaki
3858;;KLEO
3859;;
3860;;danza kuduro
3861;;FEGEFE))
3862;;SquirreL
3863;V+;Lidless
3864;CG;SaRDaNaPaLoS_QQ
3865;;unlucky(
3866;;Etzi0-
3867;;mode: monk
3868;;Slip_One
3869;;Tichondrius
3870;;NeedSomeDrink
3871;exe;pro | базилио
3872;;djuvi
3873;;4FuN
3874;;Sweden's Ace
3875;PAREDÃO;sssssss
3876;;Керхер прайм
3877;;ALBALoo
3878;;Tinraz
3879;;chaagaiyn
3880;;Nodo
3881;;big secret pack
3882;ALK;Maxdai
3883;;7.66E+16
3884;OG;EnTaroTassadar
3885;;SovereN
3886;BSM;dye_area
3887;;ICE
3888;;podik_52
3889;;webby
3890;;destroy lonely
3891;NP;Ron31
3892;;winner全能者
3893;CHDS;Arbolito
3894;;Aomine Daiki
3895;;Draganus
3896;;qwotby
3897;;It's hard to be a god
3898;UCN;Faynaberia
3899;Dariush;Rapid
3900;;OTONG
3901;;VIshna
3902;;wideBoink
3903;t;tv/yurgenschulz
3904;;Klo
3905;;ноем не ноем
3906;;深V魔法师
3907;;Клеопатра
3908;;requiem
3909;HTES;Highluck
3910;;343
3911;;Мяу мяу
3912;alive;
3913;pov;tch
3914;;dima666
3915;Ahl;BADR
3916;;☪
3917;;не курю(вообще)
3918;;INEY
3919;;:)
3920;;Sonic上帝
3921;;GG
3922;;R
3923;;X
3924;WW;Yorlak
3925;;goth
3926;ego;
3927;marlboro;ToxiC
3928;;Sh1zzY
3929;TSpirit;Arguer
3930;;-Mon Chér(I)e
3931;;MEGAMASTURBATOR2009
3932;;Гена Цид
3933;;Espermatosaurio
3934;;ПоследнийЗвонокВ
3935;;broken
3936;;hands off
3937;;dogbefore
3938;;worthlessgod
3939;;hpz
3940;;Yoki
3941;;netero
3942;;Stardust
3943;;bstrd
3944;;ВОЗЬМИ ТЕЛЕФОН ДЕ
3945;;wera
3946;;xxw
3947;;gg_xsed_wp
3948;;Isak
3949;;IvanMeow
3950;;†Rimuru†
3951;;Smurf mid only
3952;;999
3953;;Walrus
3954;;Aboltus
3955;;Metsuki
3956;;sience 1981
3957;yung;kittygawa
3958;;Sber_prime
3959;;Puzankov
3960;Johnny B;Goode
3961;;outrage
3962;Мусульманин S;W.A.G.
3963;;Renovao
3964;;OFM
3965;;Cola zero enjoyer
3966;;Ghoul
3967;GUAP;qvezo11#4vinted
3968;;123
3969;WCYD;NACHFIN
3970;;sompi666
3971;OKC;KolyanNew-York
3972;;ILoveTits
3973;;Yabari
3974;;Revival-
3975;;СашаМармеладкина
3976;TS5 QUIJA;Yamete Kudazai!
3977;;KicK/LenonDota2 YO MADARA LA🐐
3978;;humans being humans
3979;BABU;hArleq
3980;t;me/AlmagestD
3981;;reflection
3982;;Me Prime
3983;;shinedotes
3984;OL;Ingman
3985;;EvilAdun
3986;RíM;Ic3Fog
3987;TBD;terror
3988;;Kib
3989;;xd))0)
3990;;sw
3991;;2manula
3992;;шрэдэр
3993;;felyochek
3994;;Mokka
3995;;XSL
3996;;ЖУЖЕЛИЦА
3997;;Friday
3998;;VEGETHERIAN
3999;;Meeeeeesiii
4000;CRINGE;Tyr
4001;;hellq
4002;;dobriy (zloy)
4003;CHAD;RainApse
4004;Ni;CaeSaR
4005;;FOLLOW GOD
4006;;daibzer
4007;;xdministrxcix💀
4008;;ghoul
4009;TW;1437
4010;;danedalus
4011;;inkop
4012;;#masonbetAGAIN
4013;;nxemvii
4014;;саша
4015;;RmN
4016;;11
4017;X9-Gaming;rev1veee
4018;;seizar
4019;;akkiru1
4020;;El Afghano
4021;;- -
4022;oxi;rx only
4023;MC;derox1
4024;癌症;Black March
4025;;
4026;;giving girls cocaine
4027;;#ИМЯ?
4028;;Kiseijuu
4029;;wcyd учусь играть
4030;;SUPERHUIOBA
4031;;yvo)
4032;;alaabaster
4033;;sc4ndal
4034;;Thrasher
4035;;LifeIsBeautiful
4036;;Exthecration
4037;;pod arestom
4038;;Meric
4039;;~FanTasTiC
4040;;LH44
4041;;Fake
4042;;ʇɔǝɟǝр
4043;;no
4044;;youraifu
4045;;crystal
4046;;Qék$Iq
4047;Ence;sad
4048;;13
4049;;︻̷̿ ̿ 一N1
4050;;Lexam
4051;;hayse
4052;;Drugoi stilь
4053;;zybok
4054;;Тренболон
4055;;LTS
4056;;W1rtizzeEbet
4057;;magorka
4058;;123abc321
4059;;Sarkaz
4060;;Q222
4061;;`xx
4062;QR;Tedas
4063;;Мудень
4064;;zavozWW
4065;;Eskalation
4066;;xxxb
4067;;some
4068;;бруклинский мост
4069;;коровоёблый
4070;;xyila (mestnaya)
4071;winX;Счастье
4072;;Zhoondey
4073;;losing game
4074;;lich or zeus
4075;;apart 10
4076;;MyStiC-_-Shadow
4077;;я крут
4078;;Ouf
4079;;Zakka
4080;;KARMA
4081;;Louisa
4082;;621
4083;;Ecifircas
4084;;Łos†
4085;;Avrelian August
4086;;☆☆☆☆☆
4087;;Manannan
4088;Shock;EzmO.EGB
4089;;Vitaŭt
4090;;BadaBing!
4091;;Baron Samedi
4092;;dejection
4093;;Копатыч(Prime)
4094;MLM;Manzana
4095;;мышление никитос
4096;;Balenciaga
4097;;Payyd
4098;;bigscarr
4099;LANITI;seventy4
4100;;ТопчикБустер312
4101;;Сергей Иович
4102;;parasite
4103;;Arimich
4104;;Bxghz
4105;CHAD;Transistor
4106;Барак;Обама
4107;;Епиндилдуc
4108;4;suunya
4109;;Nostalgia
4110;;GGWP
4111;;skiter PRIME
4112;pudge;SWAT
4113;;ww
4114;;"so;gb"
4115;;EGOR VOSTOCHNII
4116;KLNG;Akira Mado
4117;;moR
4118;;NoDLoN
4119;;pox vawe
4120;;ПОЦЫК
4121;;broxy
4122;;Залупик
4123;;Gege
4124;;Tatakae
4125;;YUKISHIN（雪心）
4126;;МОТО МОТО
4127;;LaPuta
4128;;Daytona
4129;;12322
4130;;professional
4131;;I’mswfutbbintm
4132;;all muted
4133;;RouFe
4134;;COMEND X COMEND!!!!!!!!!!
4135;;MEDOED РЕЦИДИВИСТ
4136;;Egoisto
4137;13;Nematovs
4138;;fort_kill
4139;;JagannaTH
4140;;Jack-O
4141;;exalted
4142;;eNoNe-
4143;;AlisoN-
4144;;yadmurasame
4145;;MiGz
4146;;ThemBones
4147;;the honored one
4148;;Мiша їбатiль 2011
4149;;Teldoro
4150;;Brummi
4151;PEREKUR;KINb
4152;;h e l l s i n g
4153;;sora
4154;MIAU;Миксин
4155;Dcode;Pyedle
4156;;winwinwinwinwinwinwinwinwin
4157;;rystezy
4158;;скунс мвп
4159;;@kimsyatv
4160;;shadowkekw
4161;;Treak
4162;;whyloww
4163;;Magma
4164;;heh
4165;;reloading
4166;;< blank >
4167;;Insomnia
4168;;1
4169;♡;андудинг
4170;bastard;kagutsuchi
4171;;цебубухе
4172;GM;Deymon
4173;;奇迹Blade
4174;;Latin
4175;;ne tiki
4176;;23 스물셋
4177;;chilling chat off
4178;;Rinet
4179;Balmazan;d_damage
4180;;STFD (завхоз доты)
4181;;6A604KA
4182;;coward
4183;rue;
4184;noward;Lelurian
4185;vetmo;K҉R҉U҉T҉O҉Y҉ ҉
4186;;tw/starset4
4187;winners;DK
4188;;izana
4189;YKTSquad;Va1eT
4190;;^_^
4191;;scars
4192;;LAPLAS
4193;;Kaiser
4194;;8k behavior score gaming
4195;;Kaiyuu
4196;;sqv1rt
4197;;Thesoulmine
4198;;kaif house
4199;;плохо играю idc
4200;;2721
4201;;OhNo)
4202;;Mali-
4203;;role ranked speedrun
4204;;5 or 4, ty :)
4205;;49000
4206;;thienlaox21
4207;;tuchka
4208;;all mute
4209;;MaxSini
4210;;N4ksel
4211;;i don't give a fuck
4212;;Dark___Legion
4213;;kirigaya
4214;TD;G0ba23
4215;;у зайчика ремисия
4216;;lv2diag
4217;;syntax
4218;;Διογένης
4219;;blind
4220;;BOOYAH
4221;;social anxiety
4222;Legend;bch
4223;;Bounty Hunter
4224;;god
4225;;admiral
4226;;Animals dota players
4227;;tixon
4228;;вишневый
4229;;"qwertyuiop[]asdfghjkl;"
4230;;Haruspex
4231;;No coms
4232;;Kars
4233;;naruto (real)
4234;;DEFENSAK
4235;lft;DaDaYa
4236;;黙示録
4237;;easier
4238;;GiPey
4239;;K V R
4240;;decent
4241;Absolute;vvelvet
4242;;Nanomachine
4243;;Draken
4244;;realest
4245;;kosar
4246;;public enemy
4247;elegia;sekai
4248;;123
4249;;FURICH
4250;;123123
4251;;neNAo4ke
4252;;w33(АЖБагент)
4253;;jk
4254;;Raanta
4255;;0ne2s
4256;BIGMAN;Arvid
4257;;Jumbo
4258;;ныа
4259;;Sol
4260;;ЦАО ЦАО КАЧАЛКА
4261;;GinJ์
4262;;Alejandro
4263;;Potty_#LBV
4264;PvP;#koishe -
4265;;Bingo
4266;;make[ME]crazy
4267;;sikle
4268;;REAL NAZGUL SKINCARVER DEER GOD
4269;;ShaDoWles1s
4270;Ghoul;Exodus
4271;;Tsukishima
4272;;aven_doto
4273;;kyouma hououin
4274;hng;ram
4275;TB;Kr
4276;;The Color Violet
4277;;your eyes are empty
4278;;Филин Анимешник
4279;M83;iZya
4280;;:)
4281;;K1llerB33^^
4282;;H1!!
4283;;1 Only
4284;;червяк
4285;;kai angel
4286;;aerials
4287;;Kanao
4288;kenshu;Ove
4289;PSI;WonG
4290;AE;JAGS
4291;;only 1
4292;;Конор МкГрегор
4293;;zvc
4294;;TOLSTAYA TVAR`
4295;[R;M].Aquila
4296;;hostage
4297;;APOSİKEN-
4298;322;zondik
4299;;sick n tired of the bottom
4300;;likeoff
4301;Erdenee;
4302;;positive vibes
4303;;crown of thorns
4304;;神IMPERATOR神
4305;;piroman
4306;;4Shut
4307;;Legos
4308;;123
4309;OPY;Sahamadan
4310;;kÖten
4311;Jepa;necklace
4312;;blank
4313;;Guudhunter_xoxo
4314;durOK;PUNKMAN
4315;;Wiss
4316;;LabodYSen
4317;;rajadão
4318;ЧЕМП;красивый
4319;BeeBa;Ch8rry
4320;;OGLOCK
4321;;nkeee
4322;GUAP;пенис
4323;;CKP
4324;;tokyo
4325;;скрытопульная_ру
4326;tpOtmeneno;Mixish
4327;;vibe guy
4328;SB;Blay
4329;;
4330;;destruction
4331;;Cypher
4332;PR;ScarletBars
4333;Team BP;KEDY
4334;;OB
4335;;unit
4336;DD;МИТРОФАН
4337;;svarthamar
4338;;DiegoTwice
4339;;Ryan Gosling
4340;;эвтаназия
4341;;rmk
4342;;zzz
4343;pacctpoen;slime love
4344;stepan;mashira
4345;;omghaunt
4346;;Electro_dan
4347;;空 ShinMon 土地
4348;;曇花、
4349;;up ceo
4350;;Mё
4351;;Luckless
4352;;KATSU
4353;PR;Sakuga
4354;Nickotar;poreee
4355;;gear
4356;;зима близко
4357;;Dreamer
4358;;mayllo
4359;[ToW];Sarcoma
4360;Saggen;
4361;;Tokageroh 精神
4362;;Neatly
4363;;everlasting hate
4364;;Red armor
4365;;kantata
4366;;silencethefeelings
4367;;idcmmrplay4improveoooo
4368;;nʞıʎ
4369;;Blaze
4370;;Pepsiman
4371;;Trailhead
4372;;<<<`
4373;;88watashi
4374;;CAPZXD | Twitch
4375;;D:
4376;SG;Astounding
4377;;toama
4378;дора;xx
4379;;wOgEN
4380;;ERWIN
4381;origami;
4382;;Krosty
4383;;m
4384;prince;gothurted
4385;;tv/cinemdt
4386;;tv/cy_666n
4387;;Libac
4388;;Сигма+нарцисс
4389;;ᴹᴿ°joker_boss°ᴳᵒᵈ
4390;;Protocol
4391;Vanguard;i.ÁlanŴaKe-
4392;;tw/shiwaragi
4393;;Ximo -
4394;ND;Mor1se
4395;3k+2K;mikoya
4396;Maybe;Go
4397;;KasumiRitsu
4398;;pendal`
4399;;Hiro
4400;;Kutuzov
4401;BBD;Yakudzaa
4402;;painKiller-
4403;;emotional
4404;;VoronLTF
4405;;RaizQT
4406;;бойовий папуг
4407;MM;Oscar
4408;NVR;Black. Natte Tan
4409;123;shy
4410;str;Ⱥnerø
4411;;peace death
4412;;мне не грустно
4413;;Сидим
4414;;#ИМЯ?
4415;;muted all ruin
4416;;Nightmare
4417;;RedFox
4418;;LILSpeRmixx
4419;;meow
4420;;s0cliche
4421;;InnerFire
4422;;Oliver Lepko Prime
4423;;SaveMyMind
4424;;на победку
4425;;Rosalia
4426;;waka
4427;;ENGLISH lobby enjoyer
4428;PollyFan;komorebi天才
4429;;Максончик
4430;;pensioneer
4431;;
4432;;Viva(Prime)
4433;;mmr whore
4434;AR;Nevada
4435;;nartviper
4436;;Body Catcher
4437;;tv/xyndao
4438;sos;slate
4439;;создатель
4440;;J
4441;ZadoNSK;Zadonskiy
4442;PN;الشعبي
4443;;shyise
4444;;nocturnal fit of pain
4445;;дыня
4446;;Zurzur
4447;;глупенькая
4448;;
4449;;босс
4450;4EK;няшка казашка
4451;Vi'Ga;Aldeano
4452;UCK;Ninet8ls
4453;;qwerty
4454;;mephala
4455;;Gena
4456;;positive mind
4457;;Totus
4458;;GoldenDarkness
4459;;Ekamura~
4460;;senzus666
4461;;На биполярычах
4462;;Igor
4463;TeSiMa;qoWqa
4464;;Akamu To Herovato
4465;;Эти голоса в голо
4466;emo;yoru
4467;;risafrvr
4468;;avdon
4469;;akune根
4470;TN;humblegod
4471;;tv/komam1k0
4472;;димасик
4473;23;ifeelthisrain
4474;52spb;cameraobscura~
4475;MT;2ez4me
4476;TBG;gorjiik
4477;|RG|;shikich
4478;;M哲也~
4479;;xcvffffff
4480;;БАОБАБ
4481;;лютiй тiп
4482;PRNG;pavshiy bog
4483;;白馬 白馬
4484;;< blank >
4485;;DiW
4486;;I Dont Care
4487;;Eso
4488;;Yootv
4489;;Superman
4490;;abull
4491;;Skyward
4492;;Fruugu
4493;;PMA only
4494;;Леха Пивная Кега
4495;;Насвай
4496;;-800 prime
4497;Jr;Memoka
4498;;расул
4499;;多多利亚
4500;Uulen Us;Mazukalele
4501;;kaimariyangy ( egoisto )
4502;PURESKIL;Thypus-
4503;;Komfort1ck
4504;;asdfasdf
4505;;Oblivion~
4506;;игра для даунов
4507;;kek
4508;;T
4509;TS;сучечка
4510;;Макароны
4511;;e69edf9d60f7
4512;;Bosugo
4513;I;F.Blondie°
4514;;ju
4515;;Greed_Is_Bad
4516;;languste
4517;ddf;hetshoker
4518;;я ракаю пуджа
4519;;Чизкейк
4520;;психоз
4521;;///////////
4522;;булочка
4523;- Ovl -;twitch.tv ϟ Uwatakashi ϟ
4524;;yuzu
4525;;wildcard
4526;;карина иди нахуй
4527;;VaGa
4528;;kaworu~
4529;;fy'
4530;RF;Рустам Дезолятор
4531;;Neverlucky
4532;;МУТАНТ
4533;MKD;Paskal
4534;;SmiggieBalls
4535;pokoyo67tiktok67;1000-7ww
4536;;roll for me(4k behavior)
4537;;allmute1pos
4538;;AnyLight
4539;;ИНОСКЕ
4540;;sky
4541;;Do your best
4542;SAPPY;Wab
4543;;Redhardt
4544;;Hhmm
4545;;20 кг отведение
4546;;BLXCKDXNCE
4547;;UNWINNABLE GAME = AFK
4548;;Archy
4549;;FalsePromise
4550;;emicae
4551;;7thwardblockout
4552;;Empty
4553;;Owl
4554;LFT;Atlandas
4555;бездарь;saiko
4556;;Aikiu
4557;;Dre4ips
4558;;el0ya
4559;;Mujin
4560;;chaos
4561;;Maizy_Geshka
4562;;Reign of integrity
4563;;Sparda
4564;V^T;АНИМЕПСИХ
4565;Paradise;1Tsuyoi1
4566;;режу блядям вены
4567;;Mutant
4568;Faceless;Abandoned Tears
4569;;*******
4570;;Runreyyy
4571;Squirt;Niko Belich
4572;;IHL
4573;;888海日人`,,`
4574;;D13
4575;;pizda
4576;;prime mode
4577;;beLIEve
4578;;Cheiso
4579;;having fun
4580;;CHERMET
4581;Культура;文化
4582;;
4583;;morpheus
4584;;BTD
4585;;_
4586;SV;Almazik
4587;;ЧУНЯ-МУНЯ
4588;;cutthroat
4589;;VaLentino
4590;NoImprove;Nord
4591;;Jebolna Prime
4592;;Хуяпчик
4593;;ayori
4594;;Vegetto
4595;;Lao~G
4596;MERCY;Tima
4597;;Starcaster^
4598;;HAO
4599;Dayni;Pisa
4600;;gusfrng1
4601;;Ютора
4602;;Aizola
4603;;tylermentality
4604;DFY;Pawapuz
4605;;Teress
4606;;Mag
4607;CW;greencat
4608;CUM;maloy
4609;;passq
4610;;A R E S
4611;;Only God Can Judge Me
4612;;Katharsis-
4613;;Nikelend
4614;SC;No!ob fan
4615;;Devoted to Winning
4616;;la haine
4617;;Gty
4618;;anylvl забусти меня
4619;;green pill
4620;Di`Hu;Saxze
4621;;Потерпевший
4622;;Памидорка
4623;;dead city resident
4624;;топ кун 2к17 шарит
4625;3;DEAD INSIDE GAMER
4626;wind dance;emma
4627;;Ceb
4628;;voker
4629;;JohnnyQuid
4630;;0_<
4631;;Ramka
4632;;garcon maigre XVII
4633;;Telrius
4634;;Pimp
4635;;Not enough for perfection
4636;;Misha_Monstir
4637;;anime picture
4638;zabijak;cz
4639;;yoh
4640;;SatoruGadzhishka
4641;ARM;75
4642;;wake up
4643;;afterstormts
4644;;Pirates
4645;;Loll
4646;;tik tok user 12h per day
4647;;SF_style_evp
4648;;⃤
4649;PVM;Peacemaker
4650;;megalomania
4651;;Robert
4652;;trent
4653;;Jimmy Choo
4654;defka;Мамяу
4655;;NELINHO
4656;;М1nuS~
4657;;regrets
4658;;ROHA
4659;;kkkk
4660;;Iseeyousee
4661;;дыирмо блат
4662;;IIIIIIIIIIIIIIIIIIIIIIIIII
4663;;Jimmy Neutron
4664;SG;owo
4665;;LionMan
4666;;ШМЕЛЬ
4667;;
4668;;kakashkins
4669;;concept nothing
4670;;GKush
4671;;Han
4672;;Tr1Nity
4673;;tryhard
4674;;SUPREMO
4675;;♂
4676;;qq
4677;;pink misery
4678;GC;Slavyan
4679;;trashy
4680;L&M;СЫН
4681;;Chempik
4682;;Маежка
4683;;JaysonDang
4684;;idc
4685;;ANTAGONIST_de1l3s
4686;UMB;TasteyBalls
4687;;Tsapeshh
4688;;pma(net)
4689;;jesssswelll
4690;;...snfwhr
4691;;Esaul
4692;;hardkor
4693;;Z
4694;Anima;DC.Bann
4695;;brat1jeas
4696;;tv/mcr3sc3nt(hate peru)
4697;;VLEXFLEX prime
4698;bkb-;qqrushk
4699;;barbedwire
4700;;Zitraks
4701;;ナルシスト
4702;;андреи 2банки пивo
4703;angel;unformous
4704;;Be4
4705;;一直很孤独
4706;;NL
4707;;kiss heels
4708;;Sinusitis
4709;;ape
4710;;Delulu
4711;;DORO
4712;;...Исповедь
4713;;Аллатар
4714;;зомбик
4715;;23reds
4716;o;o
4717;;Yokai
4718;;dashboy
4719;;Этот парень
4720;;4 Gods and me
4721;;xweasd
4722;;mikasa9solnce
4723;;kost
4724;;changes
4725;SKR;OnlyMatt
4726;;HACTKA
4727;;Le Maître Nageur
4728;E_V;Nace
4729;;бездарность + чсв
4730;;jzswb-
4731;;Makentyy
4732;;Temi
4733;;Elect
4734;;rizzark
4735;;crackqt
4736;;ХТТ
4737;;Pure
4738;;stalkerexo
4739;;йоу мойоу
4740;;majes
4741;;Kraynes
4742;DDG;Water
4743;;vibeQ
4744;;. Lord WIlmore
4745;;Tefil
4746;;курю шмаль
4747;;малютка
4748;;'sxxwlq
4749;;модный бутик
4750;Dim;Cumпотыч
4751;;peluchex1
4752;;RedNighterBull
4753;;Пельмень Душител
4754;TD;LIGHTSTAR
4755;;yety
4756;;rio
4757;;Jet
4758;;Ak1r4-
4759;;Nikitox
4760;;DarkTerror
4761;;Burevestnik
4762;СС;Lostmarq
4763;;ангелы снежные
4764;;papa
4765;;хо-хо
4766;;b
4767;;في أوجه
4768;[T;A.].Boca
4769;Friends;EternalEnvy
4770;Tacinskoye;Iny
4771;;Kill1ng
4772;EG;kiyoko
4773;;Amir-
4774;;from 048 with love^^
4775;;пох(лысый)(nochat)
4776;;"Mamed""""Gangster"
4777;;Vorovskay Lapa
4778;;Bibabutzelmann
4779;;Pavlun
4780;;vienna
4781;;belly medved
4782;;El facil
4783;;muzan
4784;;<3
4785;SIITF;Ykiubi
4786;;мария миронова
4787;;tv/Ntlxd
4788;;ambivalence (geek)
4789;;hate all
4790;;Crazzy
4791;;hyxph
4792;;FER
4793;TT;((
4794;;mid/afk
4795;DC;L3D
4796;;AccBuyer
4797;;Wardаньян
4798;Ni`Pro;asd
4799;;pfb 6500 проверенный
4800;XRG;qwnx~
4801;DNM;Джалорик
4802;;ixk
4803;;Босяк
4804;HSE;nikeee
4805;BEZHANBY;prajem_si
4806;D];$P!CHK@.
4807;;typach
4808;;Hade
4809;;tryhard
4810;;-15
4811;;Привет
4812;;sh
4813;;2 only
4814;BTP;AlexGod
4815;;extendobaraban
4816;;bot
4817;SV;EvilGaffer
4818;;mary jane
4819;DF;Zakich
4820;;[+]
4821;;)
4822;;Tryhard
4823;;ride or die
4824;;wewe
4825;;mid/full mute /idc
4826;;@onlyfanskudyan
4827;;1000000000000ping
4828;;OCLVS
4829;;Leshy
4830;;Tonka
4831;;Aki
4832;;Sunr1se
4833;;romance13
4834;;Гадаю по клитору
4835;;Escanor
4836;TSpirit;XinQ.新Q
4837;;:)
4838;;17
4839;;Tippsy
4840;;SWAP CM
4841;CHUI;Đetchy
4842;Ten;.jujuju
4843;;Бэзос Prime pos 5
4844;;Zenin mentality
4845;;rofl
4846;;ебачос
4847;;зависимотстраха
4848;;Bot Fergus
4849;;Stockton2Malone
4850;;123
4851;;Dominator
4852;;Ekb_Prizrak(mute)
4853;;Assurance
4854;;solitar
4855;;Aragorn
4856;;。。
4857;;TUSS1Nx
4858;;Tatakae
4859;;гонишь
4860;ALK;K1torato
4861;;Infity
4862;;she wants me dead
4863;;恐怖片
4864;joke;KeyDey
4865;;1+1
4866;;qwp
4867;SFW?;mode:XG.Ame^^
4868;;sanraku
4869;;mmrlose)))))))))))))
4870;LC;MonsterDan
4871;;Solaire Of Astora
4872;;Nutella
4873;;Vermі
4874;;Elrinth
4875;;ГОЙДА
4876;;uzurpator
4877;;Dendi
4878;;mood
4879;;Fernando
4880;;Z3L3NSK1 PRIME
4881;JS;CancelLE
4882;;CR7
4883;;Brammes
4884;;ММММ ДЕЛИШЕССС
4885;LenG;Dave Friday
4886;;-_-
4887;;lobster
4888;;зима
4889;;forg
4890;;asd
4891;;илья сафронов
4892;;zavzja
4893;;ae
4894;;multipu
4895;E;Wolves.Y.Sha1T
4896;;WARLOK OKSANA
4897;;mwrcury
4898;;HellBlade
4899;;Rigerdy-
4900;;vifvifvifvifvif
4901;;CAt
4902;;anomed
4903;;astral step'er
4904;;mazaika
4905;;Noctoris
4906;;prime
4907;wexbq;kRotyaraaa
4908;;hekmatyer
4909;;Radiance~
4910;;Омежка
4911;;36YЭТYИГRY
4912;;Cedric Diggory
4913;;sena
4914;GRD;David
4915;;clearmind+coldhands
4916;;king crimson
4917;;Diafibus
4918;Sinto;Archer
4919;;bubu
4920;[T;A.].MSR
4921;;печенька💀
4922;;4eezaz
4923;;Filipini Guzzini
4924;;хомячок
4925;;EyesOnIran
4926;;ASDASDASDASDAS
4927;WONG;Shirx
4928;;pen15
4929;BC;Vibe
4930;DD;withxutname
4931;;xd
4932;C9;Sneeckz
4933;;Shapito
4934;;poppasanas
4935;;Aomine-
4936;;Yatagan
4937;;Believe
4938;DFY;KeaN
4939;;#ИМЯ?
4940;;The Roooooooooook!!!!!!!!!!!
4941;PNP;PARADOX
4942;;К У Д Е С Н И К
4943;;
4944;ras;Mefistofel
4945;;bahalshik
4946;;easymoneysniper-
4947;;Era235
4948;;†
4949;;叶之秋
4950;4el;чистые строки
4951;;Ayush
4952;;Boss
4953;;Nikko`超人
4954;;lakeof7ears
4955;;Meeeri
4956;;幾田りら
4957;TS;not enough
4958;;ПОСЛЕСМЕНЫ
4959;;Restl3ss
4960;;idc
4961;;毁灭
4962;;Shegidun
4963;TSA;Krolchumbik
4964;;Don't love me
4965;;Nerdio
4966;;Tirpitz
4967;;kl
4968;;rux
4969;TeamAI;Brad Pitt
4970;;Kpest
4971;;Les
4972;;knife talk
4973;;Satanic
4974;;syka
4975;;油
4976;zvezd;Andz3F
4977;;b[A]ka
4978;;.zeroiq
4979;;satanicabsract
4980;;gg end
4981;;1
4982;;❤
4983;1;ГЕНА КУВАЛДА
4984;Wales;neb
4985;CodeinCRZY;Qalay qaraysin?
4986;;oGAZ
4987;;desperate
4988;;whitewine
4989;zxc;fORLANNN
4990;;Mantikora幸福
4991;т;ме.raspad999 <
4992;;шишак
4993;;Yurekbey♠
4994;;Scarlet Rose
4995;;Toary
4996;123;haschwalth
4997;;кошмарик
4998;;Elasse
4999;;sevi4
5000;;Marilyn Makson
